<?xml version="1.0" encoding="UTF-8"?>
<gpx creator="https://gpx.studio" version="1.1" xmlns="http://www.topografix.com/GPX/1/1" xmlns:xsi="http://www.w3.org/2001/XMLSchema-instance" xsi:schemaLocation="http://www.topografix.com/GPX/1/1 http://www.topografix.com/GPX/1/1/gpx.xsd http://www.garmin.com/xmlschemas/GpxExtensions/v3 http://www.garmin.com/xmlschemas/GpxExtensionsv3.xsd http://www.garmin.com/xmlschemas/TrackPointExtension/v1 http://www.garmin.com/xmlschemas/TrackPointExtensionv1.xsd http://www.garmin.com/xmlschemas/PowerExtension/v1 http://www.garmin.com/xmlschemas/PowerExtensionv1.xsd http://www.topografix.com/GPX/gpx_style/0/2 http://www.topografix.com/GPX/gpx_style/0/2/gpx_style.xsd" xmlns:gpxtpx="http://www.garmin.com/xmlschemas/TrackPointExtension/v1" xmlns:gpxx="http://www.garmin.com/xmlschemas/GpxExtensions/v3" xmlns:gpxpx="http://www.garmin.com/xmlschemas/PowerExtension/v1" xmlns:gpx_style="http://www.topografix.com/GPX/gpx_style/0/2">
  <metadata>
    <name>Chantry2Wilson2JPL-21</name>
    <author>
      <name>gpx.studio</name>
      <link href="https://gpx.studio"/>
    </author>
  </metadata>
  <trk>
    <name>Chantry2Wilson2JPL-21</name>
    <trkseg>
      <trkpt lat="34.195639" lon="-118.022679">
        <ele>658.42</ele>
      </trkpt>
      <trkpt lat="34.195565" lon="-118.022583">
        <ele>656.71</ele>
      </trkpt>
      <trkpt lat="34.195459" lon="-118.022525">
        <ele>655.61</ele>
      </trkpt>
      <trkpt lat="34.195435" lon="-118.022515">
        <ele>655.44</ele>
      </trkpt>
      <trkpt lat="34.195514" lon="-118.022424">
        <ele>653.4</ele>
      </trkpt>
      <trkpt lat="34.195571" lon="-118.022375">
        <ele>652.55</ele>
      </trkpt>
      <trkpt lat="34.195698" lon="-118.022243">
        <ele>648.49</ele>
      </trkpt>
      <trkpt lat="34.195776" lon="-118.022222">
        <ele>647.26</ele>
      </trkpt>
      <trkpt lat="34.195879" lon="-118.022239">
        <ele>647.11</ele>
      </trkpt>
      <trkpt lat="34.195946" lon="-118.022238">
        <ele>646.13</ele>
      </trkpt>
      <trkpt lat="34.19609" lon="-118.022146">
        <ele>642.72</ele>
      </trkpt>
      <trkpt lat="34.196279" lon="-118.022052">
        <ele>640.03</ele>
      </trkpt>
      <trkpt lat="34.196499" lon="-118.021894">
        <ele>635.44</ele>
      </trkpt>
      <trkpt lat="34.196569" lon="-118.021864">
        <ele>634.8</ele>
      </trkpt>
      <trkpt lat="34.19664" lon="-118.021882">
        <ele>634.39</ele>
      </trkpt>
      <trkpt lat="34.196764" lon="-118.021942">
        <ele>632.89</ele>
      </trkpt>
      <trkpt lat="34.1969" lon="-118.021985">
        <ele>630.66</ele>
      </trkpt>
      <trkpt lat="34.197012" lon="-118.021977">
        <ele>628.37</ele>
      </trkpt>
      <trkpt lat="34.197057" lon="-118.021938">
        <ele>627.42</ele>
      </trkpt>
      <trkpt lat="34.19712" lon="-118.021848">
        <ele>625.57</ele>
      </trkpt>
      <trkpt lat="34.197142" lon="-118.021789">
        <ele>624.29</ele>
      </trkpt>
      <trkpt lat="34.197148" lon="-118.021733">
        <ele>623.03</ele>
      </trkpt>
      <trkpt lat="34.197129" lon="-118.021674">
        <ele>622.83</ele>
      </trkpt>
      <trkpt lat="34.197067" lon="-118.021609">
        <ele>622.07</ele>
      </trkpt>
      <trkpt lat="34.196842" lon="-118.021587">
        <ele>619.72</ele>
      </trkpt>
      <trkpt lat="34.196781" lon="-118.021552">
        <ele>619.18</ele>
      </trkpt>
      <trkpt lat="34.19676" lon="-118.021506">
        <ele>618</ele>
      </trkpt>
      <trkpt lat="34.19675" lon="-118.021458">
        <ele>616.51</ele>
      </trkpt>
      <trkpt lat="34.196772" lon="-118.021398">
        <ele>615.09</ele>
      </trkpt>
      <trkpt lat="34.196801" lon="-118.021348">
        <ele>614.67</ele>
      </trkpt>
      <trkpt lat="34.196837" lon="-118.021321">
        <ele>614.73</ele>
      </trkpt>
      <trkpt lat="34.196924" lon="-118.02129">
        <ele>613.41</ele>
      </trkpt>
      <trkpt lat="34.197077" lon="-118.021283">
        <ele>611.27</ele>
      </trkpt>
      <trkpt lat="34.19717" lon="-118.021315">
        <ele>609.32</ele>
      </trkpt>
      <trkpt lat="34.197259" lon="-118.021385">
        <ele>607.99</ele>
      </trkpt>
      <trkpt lat="34.197328" lon="-118.021455">
        <ele>607.55</ele>
      </trkpt>
      <trkpt lat="34.197373" lon="-118.02153">
        <ele>606.05</ele>
      </trkpt>
      <trkpt lat="34.197392" lon="-118.021656">
        <ele>604.77</ele>
      </trkpt>
      <trkpt lat="34.197407" lon="-118.021919">
        <ele>601.38</ele>
      </trkpt>
      <trkpt lat="34.197407" lon="-118.022194">
        <ele>597.52</ele>
      </trkpt>
      <trkpt lat="34.197416" lon="-118.022329">
        <ele>596.2</ele>
      </trkpt>
      <trkpt lat="34.197437" lon="-118.022489">
        <ele>594.42</ele>
      </trkpt>
      <trkpt lat="34.197456" lon="-118.022546">
        <ele>593.09</ele>
      </trkpt>
      <trkpt lat="34.197529" lon="-118.022638">
        <ele>590.82</ele>
      </trkpt>
      <trkpt lat="34.197591" lon="-118.02266">
        <ele>591.37</ele>
      </trkpt>
      <trkpt lat="34.197644" lon="-118.022643">
        <ele>591.15</ele>
      </trkpt>
      <trkpt lat="34.197986" lon="-118.02229">
        <ele>583.99</ele>
      </trkpt>
      <trkpt lat="34.198316" lon="-118.02187">
        <ele>579.9</ele>
      </trkpt>
      <trkpt lat="34.198351" lon="-118.021801">
        <ele>578.26</ele>
      </trkpt>
      <trkpt lat="34.198376" lon="-118.021709">
        <ele>577.76</ele>
      </trkpt>
      <trkpt lat="34.19841" lon="-118.02145">
        <ele>577.36</ele>
      </trkpt>
      <trkpt lat="34.198403" lon="-118.021374">
        <ele>577.61</ele>
      </trkpt>
      <trkpt lat="34.198379" lon="-118.021306">
        <ele>576.18</ele>
      </trkpt>
      <trkpt lat="34.198349" lon="-118.021138">
        <ele>572.57</ele>
      </trkpt>
      <trkpt lat="34.198352" lon="-118.021074">
        <ele>571.15</ele>
      </trkpt>
      <trkpt lat="34.198366" lon="-118.021036">
        <ele>570.8</ele>
      </trkpt>
      <trkpt lat="34.198393" lon="-118.020996">
        <ele>571.13</ele>
      </trkpt>
      <trkpt lat="34.198472" lon="-118.020941">
        <ele>570.76</ele>
      </trkpt>
      <trkpt lat="34.198692" lon="-118.020742">
        <ele>568.03</ele>
      </trkpt>
      <trkpt lat="34.198918" lon="-118.020587">
        <ele>565.81</ele>
      </trkpt>
      <trkpt lat="34.199" lon="-118.020494">
        <ele>565.83</ele>
      </trkpt>
      <trkpt lat="34.199037" lon="-118.02043">
        <ele>564.51</ele>
      </trkpt>
      <trkpt lat="34.199073" lon="-118.020348">
        <ele>564.1</ele>
      </trkpt>
      <trkpt lat="34.199096" lon="-118.020253">
        <ele>563.88</ele>
      </trkpt>
      <trkpt lat="34.199105" lon="-118.019934">
        <ele>561.75</ele>
      </trkpt>
      <trkpt lat="34.199124" lon="-118.019843">
        <ele>560.59</ele>
      </trkpt>
      <trkpt lat="34.199141" lon="-118.019798">
        <ele>559.75</ele>
      </trkpt>
      <trkpt lat="34.199184" lon="-118.019734">
        <ele>558.03</ele>
      </trkpt>
      <trkpt lat="34.199225" lon="-118.019702">
        <ele>556.87</ele>
      </trkpt>
      <trkpt lat="34.199337" lon="-118.019672">
        <ele>555.47</ele>
      </trkpt>
      <trkpt lat="34.199429" lon="-118.019677">
        <ele>553.99</ele>
      </trkpt>
      <trkpt lat="34.199493" lon="-118.019698">
        <ele>553.39</ele>
      </trkpt>
      <trkpt lat="34.199563" lon="-118.019732">
        <ele>552.81</ele>
      </trkpt>
      <trkpt lat="34.200166" lon="-118.020086">
        <ele>548.64</ele>
      </trkpt>
      <trkpt lat="34.200311" lon="-118.020146">
        <ele>546.86</ele>
      </trkpt>
      <trkpt lat="34.200421" lon="-118.020165">
        <ele>547.18</ele>
      </trkpt>
      <trkpt lat="34.200494" lon="-118.020232">
        <ele>550.63</ele>
      </trkpt>
      <trkpt lat="34.200388" lon="-118.020653">
        <ele>554.6</ele>
      </trkpt>
      <trkpt lat="34.200378" lon="-118.020809">
        <ele>554</ele>
      </trkpt>
      <trkpt lat="34.200506" lon="-118.021057">
        <ele>557.49</ele>
      </trkpt>
      <trkpt lat="34.200496" lon="-118.021214">
        <ele>558.01</ele>
      </trkpt>
      <trkpt lat="34.200591" lon="-118.021358">
        <ele>562.42</ele>
      </trkpt>
      <trkpt lat="34.200701" lon="-118.021417">
        <ele>563.22</ele>
      </trkpt>
      <trkpt lat="34.20074" lon="-118.021541">
        <ele>564.68</ele>
      </trkpt>
      <trkpt lat="34.20073" lon="-118.021643">
        <ele>568.4</ele>
      </trkpt>
      <trkpt lat="34.200896" lon="-118.021753">
        <ele>566.3</ele>
      </trkpt>
      <trkpt lat="34.200989" lon="-118.021778">
        <ele>567.18</ele>
      </trkpt>
      <trkpt lat="34.201076" lon="-118.021768">
        <ele>568.35</ele>
      </trkpt>
      <trkpt lat="34.20118" lon="-118.021718">
        <ele>572.36</ele>
      </trkpt>
      <trkpt lat="34.201343" lon="-118.021435">
        <ele>575.73</ele>
      </trkpt>
      <trkpt lat="34.201403" lon="-118.021334">
        <ele>574.11</ele>
      </trkpt>
      <trkpt lat="34.201513" lon="-118.021325">
        <ele>575.34</ele>
      </trkpt>
      <trkpt lat="34.201658" lon="-118.021257">
        <ele>576.82</ele>
      </trkpt>
      <trkpt lat="34.201785" lon="-118.021396">
        <ele>579.17</ele>
      </trkpt>
      <trkpt lat="34.201743" lon="-118.021502">
        <ele>580.89</ele>
      </trkpt>
      <trkpt lat="34.201888" lon="-118.021672">
        <ele>583.32</ele>
      </trkpt>
      <trkpt lat="34.201895" lon="-118.021798">
        <ele>585.94</ele>
      </trkpt>
      <trkpt lat="34.201976" lon="-118.022107">
        <ele>590.75</ele>
      </trkpt>
      <trkpt lat="34.202066" lon="-118.022372">
        <ele>592.5</ele>
      </trkpt>
      <trkpt lat="34.202021" lon="-118.022686">
        <ele>595.75</ele>
      </trkpt>
      <trkpt lat="34.202122" lon="-118.02278">
        <ele>592.86</ele>
      </trkpt>
      <trkpt lat="34.202101" lon="-118.022898">
        <ele>594.4</ele>
      </trkpt>
      <trkpt lat="34.202" lon="-118.022927">
        <ele>594.85</ele>
      </trkpt>
      <trkpt lat="34.201948" lon="-118.022955">
        <ele>595.01</ele>
      </trkpt>
      <trkpt lat="34.201916" lon="-118.023173">
        <ele>597.32</ele>
      </trkpt>
      <trkpt lat="34.202204" lon="-118.023552">
        <ele>600.7</ele>
      </trkpt>
      <trkpt lat="34.202251" lon="-118.02365">
        <ele>602.5</ele>
      </trkpt>
      <trkpt lat="34.202463" lon="-118.023813">
        <ele>605.29</ele>
      </trkpt>
      <trkpt lat="34.202531" lon="-118.0239">
        <ele>607.17</ele>
      </trkpt>
      <trkpt lat="34.202571" lon="-118.023905">
        <ele>609.29</ele>
      </trkpt>
      <trkpt lat="34.202616" lon="-118.023854">
        <ele>612.06</ele>
      </trkpt>
      <trkpt lat="34.202683" lon="-118.023961">
        <ele>615.16</ele>
      </trkpt>
      <trkpt lat="34.202805" lon="-118.024142">
        <ele>617.8</ele>
      </trkpt>
      <trkpt lat="34.202898" lon="-118.024199">
        <ele>619.84</ele>
      </trkpt>
      <trkpt lat="34.203076" lon="-118.024207">
        <ele>624.05</ele>
      </trkpt>
      <trkpt lat="34.203225" lon="-118.024182">
        <ele>624.74</ele>
      </trkpt>
      <trkpt lat="34.203332" lon="-118.024228">
        <ele>621.4</ele>
      </trkpt>
      <trkpt lat="34.203367" lon="-118.024405">
        <ele>621.21</ele>
      </trkpt>
      <trkpt lat="34.203406" lon="-118.024459">
        <ele>624.4</ele>
      </trkpt>
      <trkpt lat="34.203416" lon="-118.024552">
        <ele>625.91</ele>
      </trkpt>
      <trkpt lat="34.203411" lon="-118.024753">
        <ele>628.47</ele>
      </trkpt>
      <trkpt lat="34.203273" lon="-118.024915">
        <ele>629.29</ele>
      </trkpt>
      <trkpt lat="34.20328" lon="-118.024974">
        <ele>633.56</ele>
      </trkpt>
      <trkpt lat="34.203423" lon="-118.02492">
        <ele>637.45</ele>
      </trkpt>
      <trkpt lat="34.203557" lon="-118.02476">
        <ele>640.45</ele>
      </trkpt>
      <trkpt lat="34.20359" lon="-118.024636">
        <ele>641.28</ele>
      </trkpt>
      <trkpt lat="34.203601" lon="-118.024431">
        <ele>639.15</ele>
      </trkpt>
      <trkpt lat="34.203667" lon="-118.024313">
        <ele>642.68</ele>
      </trkpt>
      <trkpt lat="34.203729" lon="-118.024353">
        <ele>640.56</ele>
      </trkpt>
      <trkpt lat="34.203848" lon="-118.024504">
        <ele>640.18</ele>
      </trkpt>
      <trkpt lat="34.203913" lon="-118.024508">
        <ele>639.1</ele>
      </trkpt>
      <trkpt lat="34.204021" lon="-118.024424">
        <ele>640.98</ele>
      </trkpt>
      <trkpt lat="34.204025" lon="-118.024321">
        <ele>641.07</ele>
      </trkpt>
      <trkpt lat="34.204069" lon="-118.024233">
        <ele>642.7</ele>
      </trkpt>
      <trkpt lat="34.204137" lon="-118.024212">
        <ele>646.4</ele>
      </trkpt>
      <trkpt lat="34.204148" lon="-118.024346">
        <ele>647.01</ele>
      </trkpt>
      <trkpt lat="34.204145" lon="-118.024495">
        <ele>646.83</ele>
      </trkpt>
      <trkpt lat="34.204221" lon="-118.024775">
        <ele>648.54</ele>
      </trkpt>
      <trkpt lat="34.204384" lon="-118.024963">
        <ele>651.14</ele>
      </trkpt>
      <trkpt lat="34.20454" lon="-118.025018">
        <ele>652.88</ele>
      </trkpt>
      <trkpt lat="34.204682" lon="-118.025101">
        <ele>652.04</ele>
      </trkpt>
      <trkpt lat="34.204744" lon="-118.025098">
        <ele>652.82</ele>
      </trkpt>
      <trkpt lat="34.204821" lon="-118.025123">
        <ele>652.58</ele>
      </trkpt>
      <trkpt lat="34.204865" lon="-118.025228">
        <ele>651.24</ele>
      </trkpt>
      <trkpt lat="34.204891" lon="-118.025268">
        <ele>652.11</ele>
      </trkpt>
      <trkpt lat="34.205046" lon="-118.025294">
        <ele>654.04</ele>
      </trkpt>
      <trkpt lat="34.205128" lon="-118.025373">
        <ele>656.45</ele>
      </trkpt>
      <trkpt lat="34.205241" lon="-118.0254">
        <ele>658.06</ele>
      </trkpt>
      <trkpt lat="34.20546" lon="-118.02539">
        <ele>660.18</ele>
      </trkpt>
      <trkpt lat="34.205633" lon="-118.025408">
        <ele>663.76</ele>
      </trkpt>
      <trkpt lat="34.205764" lon="-118.025351">
        <ele>664.67</ele>
      </trkpt>
      <trkpt lat="34.205936" lon="-118.025349">
        <ele>666.57</ele>
      </trkpt>
      <trkpt lat="34.206121" lon="-118.025409">
        <ele>668.18</ele>
      </trkpt>
      <trkpt lat="34.206187" lon="-118.025465">
        <ele>668.48</ele>
      </trkpt>
      <trkpt lat="34.206265" lon="-118.025573">
        <ele>669.65</ele>
      </trkpt>
      <trkpt lat="34.206348" lon="-118.025653">
        <ele>669.29</ele>
      </trkpt>
      <trkpt lat="34.206377" lon="-118.025812">
        <ele>671.78</ele>
      </trkpt>
      <trkpt lat="34.206488" lon="-118.026013">
        <ele>671.72</ele>
      </trkpt>
      <trkpt lat="34.206579" lon="-118.026251">
        <ele>676.19</ele>
      </trkpt>
      <trkpt lat="34.206693" lon="-118.026209">
        <ele>679.48</ele>
      </trkpt>
      <trkpt lat="34.206694" lon="-118.026071">
        <ele>679.48</ele>
      </trkpt>
      <trkpt lat="34.206744" lon="-118.026017">
        <ele>681.86</ele>
      </trkpt>
      <trkpt lat="34.206848" lon="-118.026309">
        <ele>685.87</ele>
      </trkpt>
      <trkpt lat="34.206863" lon="-118.026553">
        <ele>685.96</ele>
      </trkpt>
      <trkpt lat="34.207034" lon="-118.027021">
        <ele>687.88</ele>
      </trkpt>
      <trkpt lat="34.207249" lon="-118.027383">
        <ele>693.88</ele>
      </trkpt>
      <trkpt lat="34.207397" lon="-118.027505">
        <ele>698.17</ele>
      </trkpt>
      <trkpt lat="34.207528" lon="-118.027473">
        <ele>703.93</ele>
      </trkpt>
      <trkpt lat="34.20768" lon="-118.027538">
        <ele>707.52</ele>
      </trkpt>
      <trkpt lat="34.207771" lon="-118.027831">
        <ele>703.97</ele>
      </trkpt>
      <trkpt lat="34.20786" lon="-118.027989">
        <ele>707.4</ele>
      </trkpt>
      <trkpt lat="34.207827" lon="-118.028112">
        <ele>707.15</ele>
      </trkpt>
      <trkpt lat="34.207809" lon="-118.028363">
        <ele>708.6</ele>
      </trkpt>
      <trkpt lat="34.207727" lon="-118.028485">
        <ele>707.66</ele>
      </trkpt>
      <trkpt lat="34.207602" lon="-118.028636">
        <ele>709.48</ele>
      </trkpt>
      <trkpt lat="34.207597" lon="-118.028791">
        <ele>712</ele>
      </trkpt>
      <trkpt lat="34.207651" lon="-118.029024">
        <ele>715.91</ele>
      </trkpt>
      <trkpt lat="34.207702" lon="-118.029197">
        <ele>718.9</ele>
      </trkpt>
      <trkpt lat="34.207694" lon="-118.02948">
        <ele>720.88</ele>
      </trkpt>
      <trkpt lat="34.20766" lon="-118.029643">
        <ele>720.95</ele>
      </trkpt>
      <trkpt lat="34.207723" lon="-118.029827">
        <ele>724.43</ele>
      </trkpt>
      <trkpt lat="34.207582" lon="-118.029942">
        <ele>723.38</ele>
      </trkpt>
      <trkpt lat="34.207478" lon="-118.030153">
        <ele>726.47</ele>
      </trkpt>
      <trkpt lat="34.207462" lon="-118.030456">
        <ele>730.04</ele>
      </trkpt>
      <trkpt lat="34.207548" lon="-118.030799">
        <ele>736.02</ele>
      </trkpt>
      <trkpt lat="34.207626" lon="-118.030932">
        <ele>738.99</ele>
      </trkpt>
      <trkpt lat="34.207618" lon="-118.031315">
        <ele>742.49</ele>
      </trkpt>
      <trkpt lat="34.207597" lon="-118.031574">
        <ele>745.33</ele>
      </trkpt>
      <trkpt lat="34.20764" lon="-118.031802">
        <ele>747.65</ele>
      </trkpt>
      <trkpt lat="34.207478" lon="-118.031973">
        <ele>744.79</ele>
      </trkpt>
      <trkpt lat="34.2075" lon="-118.032057">
        <ele>745.19</ele>
      </trkpt>
      <trkpt lat="34.207476" lon="-118.032146">
        <ele>745.94</ele>
      </trkpt>
      <trkpt lat="34.207299" lon="-118.031967">
        <ele>744.61</ele>
      </trkpt>
      <trkpt lat="34.207242" lon="-118.031898">
        <ele>745.13</ele>
      </trkpt>
      <trkpt lat="34.207173" lon="-118.031908">
        <ele>748.84</ele>
      </trkpt>
      <trkpt lat="34.207271" lon="-118.03207">
        <ele>749.15</ele>
      </trkpt>
      <trkpt lat="34.207352" lon="-118.032389">
        <ele>754.63</ele>
      </trkpt>
      <trkpt lat="34.207469" lon="-118.032549">
        <ele>756.68</ele>
      </trkpt>
      <trkpt lat="34.207561" lon="-118.032603">
        <ele>757.4</ele>
      </trkpt>
      <trkpt lat="34.207809" lon="-118.032893">
        <ele>761.6</ele>
      </trkpt>
      <trkpt lat="34.207896" lon="-118.032899">
        <ele>761.96</ele>
      </trkpt>
      <trkpt lat="34.208003" lon="-118.032921">
        <ele>760.69</ele>
      </trkpt>
      <trkpt lat="34.208082" lon="-118.032872">
        <ele>759.63</ele>
      </trkpt>
      <trkpt lat="34.208194" lon="-118.032912">
        <ele>760.92</ele>
      </trkpt>
      <trkpt lat="34.208255" lon="-118.032895">
        <ele>764.21</ele>
      </trkpt>
      <trkpt lat="34.208363" lon="-118.033019">
        <ele>768.15</ele>
      </trkpt>
      <trkpt lat="34.208443" lon="-118.03323">
        <ele>769.43</ele>
      </trkpt>
      <trkpt lat="34.208401" lon="-118.033497">
        <ele>770.98</ele>
      </trkpt>
      <trkpt lat="34.208389" lon="-118.033672">
        <ele>771.61</ele>
      </trkpt>
      <trkpt lat="34.208343" lon="-118.033902">
        <ele>772.7</ele>
      </trkpt>
      <trkpt lat="34.208373" lon="-118.034005">
        <ele>774.92</ele>
      </trkpt>
      <trkpt lat="34.20843" lon="-118.034086">
        <ele>777.62</ele>
      </trkpt>
      <trkpt lat="34.208543" lon="-118.033966">
        <ele>780.86</ele>
      </trkpt>
      <trkpt lat="34.208591" lon="-118.033849">
        <ele>781.49</ele>
      </trkpt>
      <trkpt lat="34.208653" lon="-118.03387">
        <ele>783.99</ele>
      </trkpt>
      <trkpt lat="34.208683" lon="-118.033941">
        <ele>785.47</ele>
      </trkpt>
      <trkpt lat="34.208601" lon="-118.03422">
        <ele>785.89</ele>
      </trkpt>
      <trkpt lat="34.208587" lon="-118.034333">
        <ele>786.08</ele>
      </trkpt>
      <trkpt lat="34.208568" lon="-118.034405">
        <ele>785.39</ele>
      </trkpt>
      <trkpt lat="34.208587" lon="-118.034333">
        <ele>786.08</ele>
      </trkpt>
      <trkpt lat="34.208601" lon="-118.03422">
        <ele>785.89</ele>
      </trkpt>
      <trkpt lat="34.208683" lon="-118.033941">
        <ele>785.47</ele>
      </trkpt>
      <trkpt lat="34.208653" lon="-118.03387">
        <ele>783.99</ele>
      </trkpt>
      <trkpt lat="34.208591" lon="-118.033849">
        <ele>781.49</ele>
      </trkpt>
      <trkpt lat="34.208688" lon="-118.033462">
        <ele>785.34</ele>
      </trkpt>
      <trkpt lat="34.208691" lon="-118.033362">
        <ele>783.24</ele>
      </trkpt>
      <trkpt lat="34.20872" lon="-118.033277">
        <ele>782.24</ele>
      </trkpt>
      <trkpt lat="34.208958" lon="-118.033101">
        <ele>786.47</ele>
      </trkpt>
      <trkpt lat="34.209056" lon="-118.032962">
        <ele>787.28</ele>
      </trkpt>
      <trkpt lat="34.209154" lon="-118.032876">
        <ele>791.88</ele>
      </trkpt>
      <trkpt lat="34.209256" lon="-118.032759">
        <ele>793.78</ele>
      </trkpt>
      <trkpt lat="34.20934" lon="-118.032716">
        <ele>796.38</ele>
      </trkpt>
      <trkpt lat="34.209435" lon="-118.032689">
        <ele>798.91</ele>
      </trkpt>
      <trkpt lat="34.209528" lon="-118.032689">
        <ele>802.95</ele>
      </trkpt>
      <trkpt lat="34.20964" lon="-118.032703">
        <ele>810.26</ele>
      </trkpt>
      <trkpt lat="34.209675" lon="-118.032588">
        <ele>812.26</ele>
      </trkpt>
      <trkpt lat="34.209559" lon="-118.032439">
        <ele>811.7</ele>
      </trkpt>
      <trkpt lat="34.20947" lon="-118.03239">
        <ele>811.52</ele>
      </trkpt>
      <trkpt lat="34.209427" lon="-118.032297">
        <ele>817.92</ele>
      </trkpt>
      <trkpt lat="34.209331" lon="-118.032356">
        <ele>815.62</ele>
      </trkpt>
      <trkpt lat="34.209126" lon="-118.032292">
        <ele>821.59</ele>
      </trkpt>
      <trkpt lat="34.208888" lon="-118.032381">
        <ele>820.58</ele>
      </trkpt>
      <trkpt lat="34.208791" lon="-118.032292">
        <ele>820.9</ele>
      </trkpt>
      <trkpt lat="34.208817" lon="-118.032269">
        <ele>822.87</ele>
      </trkpt>
      <trkpt lat="34.208907" lon="-118.032274">
        <ele>826.62</ele>
      </trkpt>
      <trkpt lat="34.208836" lon="-118.032207">
        <ele>826.24</ele>
      </trkpt>
      <trkpt lat="34.208787" lon="-118.032116">
        <ele>826.8</ele>
      </trkpt>
      <trkpt lat="34.208762" lon="-118.032021">
        <ele>823.47</ele>
      </trkpt>
      <trkpt lat="34.208859" lon="-118.031875">
        <ele>825.64</ele>
      </trkpt>
      <trkpt lat="34.208941" lon="-118.03177">
        <ele>827.97</ele>
      </trkpt>
      <trkpt lat="34.209001" lon="-118.031611">
        <ele>827.71</ele>
      </trkpt>
      <trkpt lat="34.209078" lon="-118.031543">
        <ele>830.2</ele>
      </trkpt>
      <trkpt lat="34.209105" lon="-118.031535">
        <ele>832.07</ele>
      </trkpt>
      <trkpt lat="34.209036" lon="-118.031666">
        <ele>831.83</ele>
      </trkpt>
      <trkpt lat="34.209032" lon="-118.03177">
        <ele>834.97</ele>
      </trkpt>
      <trkpt lat="34.209014" lon="-118.031906">
        <ele>836.72</ele>
      </trkpt>
      <trkpt lat="34.209034" lon="-118.031945">
        <ele>838.72</ele>
      </trkpt>
      <trkpt lat="34.209052" lon="-118.03191">
        <ele>839.09</ele>
      </trkpt>
      <trkpt lat="34.209118" lon="-118.03169">
        <ele>838.36</ele>
      </trkpt>
      <trkpt lat="34.209239" lon="-118.031516">
        <ele>841.79</ele>
      </trkpt>
      <trkpt lat="34.209301" lon="-118.031389">
        <ele>840.88</ele>
      </trkpt>
      <trkpt lat="34.20939" lon="-118.031359">
        <ele>842.08</ele>
      </trkpt>
      <trkpt lat="34.209623" lon="-118.031364">
        <ele>847.93</ele>
      </trkpt>
      <trkpt lat="34.209716" lon="-118.031337">
        <ele>851.08</ele>
      </trkpt>
      <trkpt lat="34.20975" lon="-118.031288">
        <ele>850.96</ele>
      </trkpt>
      <trkpt lat="34.209776" lon="-118.031278">
        <ele>852.38</ele>
      </trkpt>
      <trkpt lat="34.209847" lon="-118.031197">
        <ele>857.36</ele>
      </trkpt>
      <trkpt lat="34.209887" lon="-118.031046">
        <ele>858.53</ele>
      </trkpt>
      <trkpt lat="34.209878" lon="-118.03096">
        <ele>856.01</ele>
      </trkpt>
      <trkpt lat="34.209987" lon="-118.030932">
        <ele>862.39</ele>
      </trkpt>
      <trkpt lat="34.210042" lon="-118.030865">
        <ele>863.88</ele>
      </trkpt>
      <trkpt lat="34.210162" lon="-118.030768">
        <ele>868.79</ele>
      </trkpt>
      <trkpt lat="34.210172" lon="-118.030694">
        <ele>869.56</ele>
      </trkpt>
      <trkpt lat="34.210089" lon="-118.03042">
        <ele>872.64</ele>
      </trkpt>
      <trkpt lat="34.210038" lon="-118.030285">
        <ele>869.94</ele>
      </trkpt>
      <trkpt lat="34.210062" lon="-118.030211">
        <ele>870.66</ele>
      </trkpt>
      <trkpt lat="34.21011" lon="-118.030176">
        <ele>872.46</ele>
      </trkpt>
      <trkpt lat="34.210148" lon="-118.03004">
        <ele>873.66</ele>
      </trkpt>
      <trkpt lat="34.20999" lon="-118.030038">
        <ele>872.38</ele>
      </trkpt>
      <trkpt lat="34.209798" lon="-118.029933">
        <ele>879.04</ele>
      </trkpt>
      <trkpt lat="34.209699" lon="-118.029939">
        <ele>877.44</ele>
      </trkpt>
      <trkpt lat="34.209574" lon="-118.029923">
        <ele>874.55</ele>
      </trkpt>
      <trkpt lat="34.209558" lon="-118.029891">
        <ele>874.66</ele>
      </trkpt>
      <trkpt lat="34.209573" lon="-118.029766">
        <ele>876.64</ele>
      </trkpt>
      <trkpt lat="34.209556" lon="-118.029619">
        <ele>874.58</ele>
      </trkpt>
      <trkpt lat="34.209566" lon="-118.029562">
        <ele>874.59</ele>
      </trkpt>
      <trkpt lat="34.209646" lon="-118.029469">
        <ele>875.27</ele>
      </trkpt>
      <trkpt lat="34.209815" lon="-118.029325">
        <ele>881.38</ele>
      </trkpt>
      <trkpt lat="34.209838" lon="-118.029227">
        <ele>880.77</ele>
      </trkpt>
      <trkpt lat="34.209888" lon="-118.029166">
        <ele>881.41</ele>
      </trkpt>
      <trkpt lat="34.209927" lon="-118.029167">
        <ele>884.2</ele>
      </trkpt>
      <trkpt lat="34.210008" lon="-118.029099">
        <ele>885.92</ele>
      </trkpt>
      <trkpt lat="34.210011" lon="-118.029066">
        <ele>884.11</ele>
      </trkpt>
      <trkpt lat="34.210075" lon="-118.02898">
        <ele>885.76</ele>
      </trkpt>
      <trkpt lat="34.21014" lon="-118.028926">
        <ele>889.97</ele>
      </trkpt>
      <trkpt lat="34.210144" lon="-118.028834">
        <ele>887.63</ele>
      </trkpt>
      <trkpt lat="34.210184" lon="-118.028762">
        <ele>887.55</ele>
      </trkpt>
      <trkpt lat="34.210237" lon="-118.028709">
        <ele>889.13</ele>
      </trkpt>
      <trkpt lat="34.210277" lon="-118.028651">
        <ele>891.14</ele>
      </trkpt>
      <trkpt lat="34.210321" lon="-118.028617">
        <ele>894.8</ele>
      </trkpt>
      <trkpt lat="34.210325" lon="-118.028605">
        <ele>895.19</ele>
      </trkpt>
      <trkpt lat="34.210309" lon="-118.02848">
        <ele>895.49</ele>
      </trkpt>
      <trkpt lat="34.210184" lon="-118.028247">
        <ele>893.66</ele>
      </trkpt>
      <trkpt lat="34.210209" lon="-118.028104">
        <ele>894.67</ele>
      </trkpt>
      <trkpt lat="34.210251" lon="-118.027941">
        <ele>897.99</ele>
      </trkpt>
      <trkpt lat="34.210256" lon="-118.027878">
        <ele>901.23</ele>
      </trkpt>
      <trkpt lat="34.210224" lon="-118.027798">
        <ele>901.77</ele>
      </trkpt>
      <trkpt lat="34.210209" lon="-118.027779">
        <ele>901.02</ele>
      </trkpt>
      <trkpt lat="34.21023" lon="-118.02776">
        <ele>903.92</ele>
      </trkpt>
      <trkpt lat="34.210286" lon="-118.027798">
        <ele>907.64</ele>
      </trkpt>
      <trkpt lat="34.21034" lon="-118.027906">
        <ele>908.02</ele>
      </trkpt>
      <trkpt lat="34.210343" lon="-118.027968">
        <ele>905.73</ele>
      </trkpt>
      <trkpt lat="34.210343" lon="-118.028034">
        <ele>905.67</ele>
      </trkpt>
      <trkpt lat="34.210308" lon="-118.02815">
        <ele>905.08</ele>
      </trkpt>
      <trkpt lat="34.210311" lon="-118.028205">
        <ele>905.16</ele>
      </trkpt>
      <trkpt lat="34.210326" lon="-118.028151">
        <ele>906.81</ele>
      </trkpt>
      <trkpt lat="34.210355" lon="-118.028093">
        <ele>908.24</ele>
      </trkpt>
      <trkpt lat="34.210477" lon="-118.0279">
        <ele>920.79</ele>
      </trkpt>
      <trkpt lat="34.210484" lon="-118.027827">
        <ele>924.32</ele>
      </trkpt>
      <trkpt lat="34.210433" lon="-118.027768">
        <ele>922.58</ele>
      </trkpt>
      <trkpt lat="34.210377" lon="-118.027632">
        <ele>923.92</ele>
      </trkpt>
      <trkpt lat="34.21037" lon="-118.027488">
        <ele>920.85</ele>
      </trkpt>
      <trkpt lat="34.21051" lon="-118.027279">
        <ele>925.62</ele>
      </trkpt>
      <trkpt lat="34.21055" lon="-118.027158">
        <ele>925.63</ele>
      </trkpt>
      <trkpt lat="34.210673" lon="-118.02699">
        <ele>928.15</ele>
      </trkpt>
      <trkpt lat="34.210694" lon="-118.026992">
        <ele>928.83</ele>
      </trkpt>
      <trkpt lat="34.210696" lon="-118.027052">
        <ele>931.44</ele>
      </trkpt>
      <trkpt lat="34.210643" lon="-118.027237">
        <ele>933.9</ele>
      </trkpt>
      <trkpt lat="34.210602" lon="-118.027603">
        <ele>939.7</ele>
      </trkpt>
      <trkpt lat="34.21067" lon="-118.027512">
        <ele>941.63</ele>
      </trkpt>
      <trkpt lat="34.210767" lon="-118.027327">
        <ele>943.67</ele>
      </trkpt>
      <trkpt lat="34.21083" lon="-118.027251">
        <ele>944.65</ele>
      </trkpt>
      <trkpt lat="34.210858" lon="-118.027259">
        <ele>946.23</ele>
      </trkpt>
      <trkpt lat="34.210833" lon="-118.027327">
        <ele>947.41</ele>
      </trkpt>
      <trkpt lat="34.210842" lon="-118.027401">
        <ele>949.45</ele>
      </trkpt>
      <trkpt lat="34.210836" lon="-118.027518">
        <ele>951.49</ele>
      </trkpt>
      <trkpt lat="34.210806" lon="-118.027619">
        <ele>951.82</ele>
      </trkpt>
      <trkpt lat="34.21081" lon="-118.027677">
        <ele>952.41</ele>
      </trkpt>
      <trkpt lat="34.21089" lon="-118.027805">
        <ele>956.9</ele>
      </trkpt>
      <trkpt lat="34.210966" lon="-118.027871">
        <ele>961.6</ele>
      </trkpt>
      <trkpt lat="34.210928" lon="-118.027975">
        <ele>958.59</ele>
      </trkpt>
      <trkpt lat="34.210918" lon="-118.028033">
        <ele>958.37</ele>
      </trkpt>
      <trkpt lat="34.211009" lon="-118.02796">
        <ele>963.82</ele>
      </trkpt>
      <trkpt lat="34.211098" lon="-118.027814">
        <ele>969.55</ele>
      </trkpt>
      <trkpt lat="34.211051" lon="-118.027749">
        <ele>967.25</ele>
      </trkpt>
      <trkpt lat="34.211033" lon="-118.027675">
        <ele>966.16</ele>
      </trkpt>
      <trkpt lat="34.211172" lon="-118.027509">
        <ele>967.78</ele>
      </trkpt>
      <trkpt lat="34.211226" lon="-118.027482">
        <ele>968.3</ele>
      </trkpt>
      <trkpt lat="34.211321" lon="-118.027487">
        <ele>971.32</ele>
      </trkpt>
      <trkpt lat="34.211403" lon="-118.027458">
        <ele>974.04</ele>
      </trkpt>
      <trkpt lat="34.211487" lon="-118.027294">
        <ele>975.94</ele>
      </trkpt>
      <trkpt lat="34.211486" lon="-118.027176">
        <ele>974.8</ele>
      </trkpt>
      <trkpt lat="34.211528" lon="-118.027104">
        <ele>974.29</ele>
      </trkpt>
      <trkpt lat="34.211787" lon="-118.02709">
        <ele>980.09</ele>
      </trkpt>
      <trkpt lat="34.211861" lon="-118.027034">
        <ele>979.54</ele>
      </trkpt>
      <trkpt lat="34.211891" lon="-118.02703">
        <ele>980.58</ele>
      </trkpt>
      <trkpt lat="34.211804" lon="-118.027152">
        <ele>984.66</ele>
      </trkpt>
      <trkpt lat="34.21167" lon="-118.027233">
        <ele>984.84</ele>
      </trkpt>
      <trkpt lat="34.211644" lon="-118.027419">
        <ele>989.68</ele>
      </trkpt>
      <trkpt lat="34.211506" lon="-118.027743">
        <ele>992.39</ele>
      </trkpt>
      <trkpt lat="34.211514" lon="-118.027877">
        <ele>996.09</ele>
      </trkpt>
      <trkpt lat="34.211542" lon="-118.027821">
        <ele>997.84</ele>
      </trkpt>
      <trkpt lat="34.211616" lon="-118.027694">
        <ele>997.59</ele>
      </trkpt>
      <trkpt lat="34.211717" lon="-118.027562">
        <ele>999.24</ele>
      </trkpt>
      <trkpt lat="34.211809" lon="-118.027479">
        <ele>1001.55</ele>
      </trkpt>
      <trkpt lat="34.212005" lon="-118.027409">
        <ele>1005.7</ele>
      </trkpt>
      <trkpt lat="34.212166" lon="-118.027373">
        <ele>1009.81</ele>
      </trkpt>
      <trkpt lat="34.212288" lon="-118.027261">
        <ele>1010.47</ele>
      </trkpt>
      <trkpt lat="34.212347" lon="-118.027264">
        <ele>1012.47</ele>
      </trkpt>
      <trkpt lat="34.212255" lon="-118.027424">
        <ele>1016.84</ele>
      </trkpt>
      <trkpt lat="34.212124" lon="-118.027575">
        <ele>1019.28</ele>
      </trkpt>
      <trkpt lat="34.212036" lon="-118.027725">
        <ele>1021.85</ele>
      </trkpt>
      <trkpt lat="34.212032" lon="-118.027846">
        <ele>1023.82</ele>
      </trkpt>
      <trkpt lat="34.212068" lon="-118.027927">
        <ele>1024.64</ele>
      </trkpt>
      <trkpt lat="34.212168" lon="-118.028002">
        <ele>1029.61</ele>
      </trkpt>
      <trkpt lat="34.212386" lon="-118.028295">
        <ele>1030.75</ele>
      </trkpt>
      <trkpt lat="34.212518" lon="-118.028328">
        <ele>1035.18</ele>
      </trkpt>
      <trkpt lat="34.212619" lon="-118.02838">
        <ele>1034.94</ele>
      </trkpt>
      <trkpt lat="34.212847" lon="-118.028392">
        <ele>1038.57</ele>
      </trkpt>
      <trkpt lat="34.21294" lon="-118.028494">
        <ele>1036.09</ele>
      </trkpt>
      <trkpt lat="34.213022" lon="-118.028538">
        <ele>1037.86</ele>
      </trkpt>
      <trkpt lat="34.213086" lon="-118.028723">
        <ele>1034.38</ele>
      </trkpt>
      <trkpt lat="34.213202" lon="-118.028841">
        <ele>1037.6</ele>
      </trkpt>
      <trkpt lat="34.213322" lon="-118.028943">
        <ele>1039.89</ele>
      </trkpt>
      <trkpt lat="34.213292" lon="-118.029088">
        <ele>1035.14</ele>
      </trkpt>
      <trkpt lat="34.213308" lon="-118.029147">
        <ele>1036.66</ele>
      </trkpt>
      <trkpt lat="34.213411" lon="-118.029221">
        <ele>1041.8</ele>
      </trkpt>
      <trkpt lat="34.213641" lon="-118.029202">
        <ele>1048.61</ele>
      </trkpt>
      <trkpt lat="34.21369" lon="-118.029185">
        <ele>1050.16</ele>
      </trkpt>
      <trkpt lat="34.213731" lon="-118.0292">
        <ele>1050.54</ele>
      </trkpt>
      <trkpt lat="34.213805" lon="-118.029195">
        <ele>1051.84</ele>
      </trkpt>
      <trkpt lat="34.213863" lon="-118.029153">
        <ele>1053.06</ele>
      </trkpt>
      <trkpt lat="34.213872" lon="-118.028991">
        <ele>1054.9</ele>
      </trkpt>
      <trkpt lat="34.213931" lon="-118.028905">
        <ele>1056.04</ele>
      </trkpt>
      <trkpt lat="34.21412" lon="-118.028854">
        <ele>1058.57</ele>
      </trkpt>
      <trkpt lat="34.214355" lon="-118.02888">
        <ele>1059.66</ele>
      </trkpt>
      <trkpt lat="34.21452" lon="-118.028854">
        <ele>1062.22</ele>
      </trkpt>
      <trkpt lat="34.214858" lon="-118.028922">
        <ele>1066.66</ele>
      </trkpt>
      <trkpt lat="34.215007" lon="-118.028907">
        <ele>1068.87</ele>
      </trkpt>
      <trkpt lat="34.215161" lon="-118.028973">
        <ele>1068.07</ele>
      </trkpt>
      <trkpt lat="34.215321" lon="-118.029075">
        <ele>1067.89</ele>
      </trkpt>
      <trkpt lat="34.215383" lon="-118.02916">
        <ele>1068.71</ele>
      </trkpt>
      <trkpt lat="34.215575" lon="-118.029288">
        <ele>1070.64</ele>
      </trkpt>
      <trkpt lat="34.215668" lon="-118.029416">
        <ele>1073.48</ele>
      </trkpt>
      <trkpt lat="34.215808" lon="-118.02952">
        <ele>1074.4</ele>
      </trkpt>
      <trkpt lat="34.215897" lon="-118.029601">
        <ele>1075.81</ele>
      </trkpt>
      <trkpt lat="34.215979" lon="-118.029644">
        <ele>1075.89</ele>
      </trkpt>
      <trkpt lat="34.216023" lon="-118.029692">
        <ele>1077.04</ele>
      </trkpt>
      <trkpt lat="34.215976" lon="-118.029869">
        <ele>1078.17</ele>
      </trkpt>
      <trkpt lat="34.215981" lon="-118.03007">
        <ele>1077.04</ele>
      </trkpt>
      <trkpt lat="34.215975" lon="-118.030221">
        <ele>1075.87</ele>
      </trkpt>
      <trkpt lat="34.216056" lon="-118.030333">
        <ele>1073</ele>
      </trkpt>
      <trkpt lat="34.216211" lon="-118.03043">
        <ele>1068.41</ele>
      </trkpt>
      <trkpt lat="34.216292" lon="-118.030506">
        <ele>1068.04</ele>
      </trkpt>
      <trkpt lat="34.216367" lon="-118.030719">
        <ele>1069.2</ele>
      </trkpt>
      <trkpt lat="34.216572" lon="-118.030906">
        <ele>1067.13</ele>
      </trkpt>
      <trkpt lat="34.21652" lon="-118.031092">
        <ele>1071.09</ele>
      </trkpt>
      <trkpt lat="34.21641" lon="-118.031272">
        <ele>1072.51</ele>
      </trkpt>
      <trkpt lat="34.216317" lon="-118.031391">
        <ele>1072.26</ele>
      </trkpt>
      <trkpt lat="34.216351" lon="-118.031609">
        <ele>1066.1</ele>
      </trkpt>
      <trkpt lat="34.216357" lon="-118.031759">
        <ele>1066.81</ele>
      </trkpt>
      <trkpt lat="34.216462" lon="-118.031861">
        <ele>1062.17</ele>
      </trkpt>
      <trkpt lat="34.216498" lon="-118.03198">
        <ele>1064.87</ele>
      </trkpt>
      <trkpt lat="34.216536" lon="-118.032062">
        <ele>1065.84</ele>
      </trkpt>
      <trkpt lat="34.216702" lon="-118.031949">
        <ele>1060.01</ele>
      </trkpt>
      <trkpt lat="34.216761" lon="-118.031831">
        <ele>1053.94</ele>
      </trkpt>
      <trkpt lat="34.216827" lon="-118.031803">
        <ele>1053.9</ele>
      </trkpt>
      <trkpt lat="34.2169" lon="-118.031825">
        <ele>1054.84</ele>
      </trkpt>
      <trkpt lat="34.2169" lon="-118.031944">
        <ele>1060.04</ele>
      </trkpt>
      <trkpt lat="34.216913" lon="-118.032042">
        <ele>1062.25</ele>
      </trkpt>
      <trkpt lat="34.21701" lon="-118.032131">
        <ele>1059.06</ele>
      </trkpt>
      <trkpt lat="34.217089" lon="-118.032028">
        <ele>1055.9</ele>
      </trkpt>
      <trkpt lat="34.217165" lon="-118.031995">
        <ele>1056.84</ele>
      </trkpt>
      <trkpt lat="34.217175" lon="-118.031906">
        <ele>1055.74</ele>
      </trkpt>
      <trkpt lat="34.217185" lon="-118.03167">
        <ele>1052.68</ele>
      </trkpt>
      <trkpt lat="34.217241" lon="-118.031549">
        <ele>1050.65</ele>
      </trkpt>
      <trkpt lat="34.217389" lon="-118.031519">
        <ele>1053.44</ele>
      </trkpt>
      <trkpt lat="34.217525" lon="-118.031432">
        <ele>1049.43</ele>
      </trkpt>
      <trkpt lat="34.217644" lon="-118.031428">
        <ele>1050.37</ele>
      </trkpt>
      <trkpt lat="34.217807" lon="-118.031387">
        <ele>1050.18</ele>
      </trkpt>
      <trkpt lat="34.217899" lon="-118.031514">
        <ele>1053.6</ele>
      </trkpt>
      <trkpt lat="34.218009" lon="-118.031705">
        <ele>1054.59</ele>
      </trkpt>
      <trkpt lat="34.218076" lon="-118.031874">
        <ele>1055.76</ele>
      </trkpt>
      <trkpt lat="34.218047" lon="-118.031979">
        <ele>1060.44</ele>
      </trkpt>
      <trkpt lat="34.218059" lon="-118.03206">
        <ele>1059.52</ele>
      </trkpt>
      <trkpt lat="34.218257" lon="-118.032212">
        <ele>1052.24</ele>
      </trkpt>
      <trkpt lat="34.218392" lon="-118.032236">
        <ele>1049.79</ele>
      </trkpt>
      <trkpt lat="34.218516" lon="-118.032262">
        <ele>1049.46</ele>
      </trkpt>
      <trkpt lat="34.218596" lon="-118.032396">
        <ele>1052.33</ele>
      </trkpt>
      <trkpt lat="34.218608" lon="-118.032527">
        <ele>1053.64</ele>
      </trkpt>
      <trkpt lat="34.218603" lon="-118.032658">
        <ele>1054</ele>
      </trkpt>
      <trkpt lat="34.218454" lon="-118.032999">
        <ele>1052.57</ele>
      </trkpt>
      <trkpt lat="34.218323" lon="-118.033222">
        <ele>1053.79</ele>
      </trkpt>
      <trkpt lat="34.218349" lon="-118.033345">
        <ele>1048.81</ele>
      </trkpt>
      <trkpt lat="34.218346" lon="-118.033621">
        <ele>1047.51</ele>
      </trkpt>
      <trkpt lat="34.218366" lon="-118.033789">
        <ele>1046.22</ele>
      </trkpt>
      <trkpt lat="34.218534" lon="-118.033687">
        <ele>1036.26</ele>
      </trkpt>
      <trkpt lat="34.218671" lon="-118.033653">
        <ele>1034.23</ele>
      </trkpt>
      <trkpt lat="34.218771" lon="-118.03359">
        <ele>1032.3</ele>
      </trkpt>
      <trkpt lat="34.218874" lon="-118.033502">
        <ele>1030.33</ele>
      </trkpt>
      <trkpt lat="34.218984" lon="-118.033505">
        <ele>1031.34</ele>
      </trkpt>
      <trkpt lat="34.219134" lon="-118.033443">
        <ele>1029.72</ele>
      </trkpt>
      <trkpt lat="34.219218" lon="-118.033428">
        <ele>1029.49</ele>
      </trkpt>
      <trkpt lat="34.219297" lon="-118.033499">
        <ele>1033.99</ele>
      </trkpt>
      <trkpt lat="34.219427" lon="-118.033751">
        <ele>1033.68</ele>
      </trkpt>
      <trkpt lat="34.219528" lon="-118.033754">
        <ele>1031.68</ele>
      </trkpt>
      <trkpt lat="34.219605" lon="-118.033805">
        <ele>1031.24</ele>
      </trkpt>
      <trkpt lat="34.219654" lon="-118.033939">
        <ele>1031.9</ele>
      </trkpt>
      <trkpt lat="34.219642" lon="-118.034077">
        <ele>1035.65</ele>
      </trkpt>
      <trkpt lat="34.21964" lon="-118.034199">
        <ele>1037.73</ele>
      </trkpt>
      <trkpt lat="34.219723" lon="-118.034293">
        <ele>1035.38</ele>
      </trkpt>
      <trkpt lat="34.219837" lon="-118.034259">
        <ele>1033.75</ele>
      </trkpt>
      <trkpt lat="34.220036" lon="-118.034148">
        <ele>1032.47</ele>
      </trkpt>
      <trkpt lat="34.220156" lon="-118.034047">
        <ele>1035.16</ele>
      </trkpt>
      <trkpt lat="34.22022" lon="-118.034085">
        <ele>1037.13</ele>
      </trkpt>
      <trkpt lat="34.220257" lon="-118.03426">
        <ele>1037.14</ele>
      </trkpt>
      <trkpt lat="34.220249" lon="-118.034458">
        <ele>1036.68</ele>
      </trkpt>
      <trkpt lat="34.220333" lon="-118.034574">
        <ele>1032.98</ele>
      </trkpt>
      <trkpt lat="34.220464" lon="-118.034598">
        <ele>1028.46</ele>
      </trkpt>
      <trkpt lat="34.220504" lon="-118.034703">
        <ele>1030.51</ele>
      </trkpt>
      <trkpt lat="34.220419" lon="-118.034987">
        <ele>1030.71</ele>
      </trkpt>
      <trkpt lat="34.220433" lon="-118.035163">
        <ele>1028.09</ele>
      </trkpt>
      <trkpt lat="34.220623" lon="-118.035129">
        <ele>1018.57</ele>
      </trkpt>
      <trkpt lat="34.220778" lon="-118.035159">
        <ele>1014.98</ele>
      </trkpt>
      <trkpt lat="34.220998" lon="-118.035137">
        <ele>1008.03</ele>
      </trkpt>
      <trkpt lat="34.221177" lon="-118.035263">
        <ele>1007.54</ele>
      </trkpt>
      <trkpt lat="34.221348" lon="-118.035503">
        <ele>1003.49</ele>
      </trkpt>
      <trkpt lat="34.22143" lon="-118.035667">
        <ele>1000.74</ele>
      </trkpt>
      <trkpt lat="34.221513" lon="-118.036052">
        <ele>997.34</ele>
      </trkpt>
      <trkpt lat="34.221528" lon="-118.036218">
        <ele>996.04</ele>
      </trkpt>
      <trkpt lat="34.22146" lon="-118.036546">
        <ele>999.19</ele>
      </trkpt>
      <trkpt lat="34.221526" lon="-118.036557">
        <ele>996.31</ele>
      </trkpt>
      <trkpt lat="34.221661" lon="-118.036185">
        <ele>990.33</ele>
      </trkpt>
      <trkpt lat="34.221743" lon="-118.036028">
        <ele>986.78</ele>
      </trkpt>
      <trkpt lat="34.221746" lon="-118.03562">
        <ele>980.6</ele>
      </trkpt>
      <trkpt lat="34.221845" lon="-118.035548">
        <ele>978.99</ele>
      </trkpt>
      <trkpt lat="34.22191" lon="-118.035777">
        <ele>983.11</ele>
      </trkpt>
      <trkpt lat="34.222003" lon="-118.035929">
        <ele>986.15</ele>
      </trkpt>
      <trkpt lat="34.222139" lon="-118.036244">
        <ele>995.72</ele>
      </trkpt>
      <trkpt lat="34.222314" lon="-118.036392">
        <ele>995.59</ele>
      </trkpt>
      <trkpt lat="34.222545" lon="-118.036526">
        <ele>997.27</ele>
      </trkpt>
      <trkpt lat="34.222711" lon="-118.036582">
        <ele>997.87</ele>
      </trkpt>
      <trkpt lat="34.222867" lon="-118.036719">
        <ele>1000.93</ele>
      </trkpt>
      <trkpt lat="34.222964" lon="-118.036827">
        <ele>1003.5</ele>
      </trkpt>
      <trkpt lat="34.223428" lon="-118.036951">
        <ele>1011.5</ele>
      </trkpt>
      <trkpt lat="34.223547" lon="-118.037009">
        <ele>1014.48</ele>
      </trkpt>
      <trkpt lat="34.223482" lon="-118.037082">
        <ele>1015.7</ele>
      </trkpt>
      <trkpt lat="34.223345" lon="-118.037112">
        <ele>1021.52</ele>
      </trkpt>
      <trkpt lat="34.22327" lon="-118.037213">
        <ele>1023.45</ele>
      </trkpt>
      <trkpt lat="34.223328" lon="-118.037365">
        <ele>1027.08</ele>
      </trkpt>
      <trkpt lat="34.223353" lon="-118.037543">
        <ele>1032.09</ele>
      </trkpt>
      <trkpt lat="34.223456" lon="-118.037605">
        <ele>1033.19</ele>
      </trkpt>
      <trkpt lat="34.223517" lon="-118.037724">
        <ele>1035.62</ele>
      </trkpt>
      <trkpt lat="34.223535" lon="-118.038067">
        <ele>1044.16</ele>
      </trkpt>
      <trkpt lat="34.223613" lon="-118.038187">
        <ele>1047.04</ele>
      </trkpt>
      <trkpt lat="34.223757" lon="-118.038329">
        <ele>1049</ele>
      </trkpt>
      <trkpt lat="34.223913" lon="-118.038397">
        <ele>1049.49</ele>
      </trkpt>
      <trkpt lat="34.223967" lon="-118.03849">
        <ele>1051.28</ele>
      </trkpt>
      <trkpt lat="34.223917" lon="-118.038612">
        <ele>1054.81</ele>
      </trkpt>
      <trkpt lat="34.223908" lon="-118.038691">
        <ele>1057.14</ele>
      </trkpt>
      <trkpt lat="34.223995" lon="-118.038796">
        <ele>1061.6</ele>
      </trkpt>
      <trkpt lat="34.224197" lon="-118.039004">
        <ele>1069.28</ele>
      </trkpt>
      <trkpt lat="34.224369" lon="-118.039215">
        <ele>1073.26</ele>
      </trkpt>
      <trkpt lat="34.22443" lon="-118.039372">
        <ele>1075.51</ele>
      </trkpt>
      <trkpt lat="34.224393" lon="-118.039843">
        <ele>1081.81</ele>
      </trkpt>
      <trkpt lat="34.224667" lon="-118.040277">
        <ele>1090.31</ele>
      </trkpt>
      <trkpt lat="34.224757" lon="-118.040519">
        <ele>1095.17</ele>
      </trkpt>
      <trkpt lat="34.224785" lon="-118.040734">
        <ele>1098.61</ele>
      </trkpt>
      <trkpt lat="34.224841" lon="-118.040955">
        <ele>1103.84</ele>
      </trkpt>
      <trkpt lat="34.224949" lon="-118.041085">
        <ele>1106.02</ele>
      </trkpt>
      <trkpt lat="34.225013" lon="-118.041331">
        <ele>1111.15</ele>
      </trkpt>
      <trkpt lat="34.225099" lon="-118.041594">
        <ele>1117.37</ele>
      </trkpt>
      <trkpt lat="34.225183" lon="-118.041986">
        <ele>1125.79</ele>
      </trkpt>
      <trkpt lat="34.225252" lon="-118.042086">
        <ele>1127.14</ele>
      </trkpt>
      <trkpt lat="34.225275" lon="-118.042176">
        <ele>1129.23</ele>
      </trkpt>
      <trkpt lat="34.225288" lon="-118.042493">
        <ele>1138.58</ele>
      </trkpt>
      <trkpt lat="34.225373" lon="-118.042601">
        <ele>1139.26</ele>
      </trkpt>
      <trkpt lat="34.225375" lon="-118.04277">
        <ele>1144.98</ele>
      </trkpt>
      <trkpt lat="34.225432" lon="-118.043021">
        <ele>1151.5</ele>
      </trkpt>
      <trkpt lat="34.225416" lon="-118.043227">
        <ele>1159.83</ele>
      </trkpt>
      <trkpt lat="34.225513" lon="-118.043359">
        <ele>1161.16</ele>
      </trkpt>
      <trkpt lat="34.225544" lon="-118.043561">
        <ele>1164.11</ele>
      </trkpt>
      <trkpt lat="34.225495" lon="-118.043854">
        <ele>1171.21</ele>
      </trkpt>
      <trkpt lat="34.225517" lon="-118.044002">
        <ele>1172.38</ele>
      </trkpt>
      <trkpt lat="34.225536" lon="-118.04413">
        <ele>1173.4</ele>
      </trkpt>
      <trkpt lat="34.225577" lon="-118.044405">
        <ele>1179.35</ele>
      </trkpt>
      <trkpt lat="34.225547" lon="-118.044525">
        <ele>1183.11</ele>
      </trkpt>
      <trkpt lat="34.225604" lon="-118.044654">
        <ele>1185.31</ele>
      </trkpt>
      <trkpt lat="34.225587" lon="-118.045003">
        <ele>1197.87</ele>
      </trkpt>
      <trkpt lat="34.22576" lon="-118.045154">
        <ele>1199.11</ele>
      </trkpt>
      <trkpt lat="34.22584" lon="-118.045244">
        <ele>1200.65</ele>
      </trkpt>
      <trkpt lat="34.225927" lon="-118.045356">
        <ele>1204.18</ele>
      </trkpt>
      <trkpt lat="34.226024" lon="-118.045543">
        <ele>1210.36</ele>
      </trkpt>
      <trkpt lat="34.226074" lon="-118.045688">
        <ele>1215.44</ele>
      </trkpt>
      <trkpt lat="34.22622" lon="-118.045783">
        <ele>1217.17</ele>
      </trkpt>
      <trkpt lat="34.226347" lon="-118.045949">
        <ele>1222.7</ele>
      </trkpt>
      <trkpt lat="34.22653" lon="-118.046158">
        <ele>1229.12</ele>
      </trkpt>
      <trkpt lat="34.226591" lon="-118.046405">
        <ele>1238.31</ele>
      </trkpt>
      <trkpt lat="34.226251" lon="-118.046489">
        <ele>1250.84</ele>
      </trkpt>
      <trkpt lat="34.225938" lon="-118.04641">
        <ele>1260.21</ele>
      </trkpt>
      <trkpt lat="34.226002" lon="-118.046618">
        <ele>1268.48</ele>
      </trkpt>
      <trkpt lat="34.226158" lon="-118.046852">
        <ele>1273.72</ele>
      </trkpt>
      <trkpt lat="34.226423" lon="-118.047055">
        <ele>1280.9</ele>
      </trkpt>
      <trkpt lat="34.226579" lon="-118.047294">
        <ele>1287.46</ele>
      </trkpt>
      <trkpt lat="34.226585" lon="-118.047452">
        <ele>1290.71</ele>
      </trkpt>
      <trkpt lat="34.226505" lon="-118.047918">
        <ele>1303.2</ele>
      </trkpt>
      <trkpt lat="34.226661" lon="-118.048241">
        <ele>1309.73</ele>
      </trkpt>
      <trkpt lat="34.226426" lon="-118.048163">
        <ele>1317.09</ele>
      </trkpt>
      <trkpt lat="34.226285" lon="-118.047974">
        <ele>1318.58</ele>
      </trkpt>
      <trkpt lat="34.226197" lon="-118.047807">
        <ele>1321.36</ele>
      </trkpt>
      <trkpt lat="34.226192" lon="-118.048191">
        <ele>1331.4</ele>
      </trkpt>
      <trkpt lat="34.226281" lon="-118.048421">
        <ele>1336.31</ele>
      </trkpt>
      <trkpt lat="34.226338" lon="-118.048643">
        <ele>1344.48</ele>
      </trkpt>
      <trkpt lat="34.225996" lon="-118.048492">
        <ele>1353.65</ele>
      </trkpt>
      <trkpt lat="34.225831" lon="-118.04829">
        <ele>1356.48</ele>
      </trkpt>
      <trkpt lat="34.225797" lon="-118.04846">
        <ele>1363.52</ele>
      </trkpt>
      <trkpt lat="34.225926" lon="-118.048756">
        <ele>1369.34</ele>
      </trkpt>
      <trkpt lat="34.225984" lon="-118.048945">
        <ele>1375.32</ele>
      </trkpt>
      <trkpt lat="34.225889" lon="-118.048904">
        <ele>1378.45</ele>
      </trkpt>
      <trkpt lat="34.225652" lon="-118.048718">
        <ele>1382.26</ele>
      </trkpt>
      <trkpt lat="34.225415" lon="-118.048533">
        <ele>1392.27</ele>
      </trkpt>
      <trkpt lat="34.225203" lon="-118.048231">
        <ele>1396.81</ele>
      </trkpt>
      <trkpt lat="34.224991" lon="-118.047928">
        <ele>1398.08</ele>
      </trkpt>
      <trkpt lat="34.224741" lon="-118.047803">
        <ele>1403.33</ele>
      </trkpt>
      <trkpt lat="34.224469" lon="-118.047768">
        <ele>1408.79</ele>
      </trkpt>
      <trkpt lat="34.224198" lon="-118.047732">
        <ele>1409.34</ele>
      </trkpt>
      <trkpt lat="34.223637" lon="-118.047588">
        <ele>1418.22</ele>
      </trkpt>
      <trkpt lat="34.223379" lon="-118.047506">
        <ele>1421.22</ele>
      </trkpt>
      <trkpt lat="34.223254" lon="-118.04751">
        <ele>1420.38</ele>
      </trkpt>
      <trkpt lat="34.223235" lon="-118.04777">
        <ele>1423.26</ele>
      </trkpt>
      <trkpt lat="34.223342" lon="-118.047826">
        <ele>1429.53</ele>
      </trkpt>
      <trkpt lat="34.223379" lon="-118.048073">
        <ele>1434.2</ele>
      </trkpt>
      <trkpt lat="34.223574" lon="-118.04817">
        <ele>1439.38</ele>
      </trkpt>
      <trkpt lat="34.223658" lon="-118.048294">
        <ele>1442.11</ele>
      </trkpt>
      <trkpt lat="34.223835" lon="-118.048398">
        <ele>1447.6</ele>
      </trkpt>
      <trkpt lat="34.224222" lon="-118.048489">
        <ele>1453.51</ele>
      </trkpt>
      <trkpt lat="34.224415" lon="-118.048714">
        <ele>1458.85</ele>
      </trkpt>
      <trkpt lat="34.224541" lon="-118.048986">
        <ele>1462.06</ele>
      </trkpt>
      <trkpt lat="34.224792" lon="-118.04953">
        <ele>1473.19</ele>
      </trkpt>
      <trkpt lat="34.225074" lon="-118.050008">
        <ele>1482.68</ele>
      </trkpt>
      <trkpt lat="34.225288" lon="-118.050293">
        <ele>1483.02</ele>
      </trkpt>
      <trkpt lat="34.225363" lon="-118.050569">
        <ele>1485.18</ele>
      </trkpt>
      <trkpt lat="34.225357" lon="-118.050773">
        <ele>1491.87</ele>
      </trkpt>
      <trkpt lat="34.22546" lon="-118.050915">
        <ele>1493.52</ele>
      </trkpt>
      <trkpt lat="34.225318" lon="-118.050891">
        <ele>1498.73</ele>
      </trkpt>
      <trkpt lat="34.225148" lon="-118.050593">
        <ele>1502.56</ele>
      </trkpt>
      <trkpt lat="34.225018" lon="-118.050346">
        <ele>1504.37</ele>
      </trkpt>
      <trkpt lat="34.224774" lon="-118.050152">
        <ele>1508.02</ele>
      </trkpt>
      <trkpt lat="34.224667" lon="-118.050092">
        <ele>1508.96</ele>
      </trkpt>
      <trkpt lat="34.224454" lon="-118.050102">
        <ele>1511.96</ele>
      </trkpt>
      <trkpt lat="34.224398" lon="-118.050213">
        <ele>1516.53</ele>
      </trkpt>
      <trkpt lat="34.224613" lon="-118.050387">
        <ele>1519.92</ele>
      </trkpt>
      <trkpt lat="34.224761" lon="-118.05061">
        <ele>1524.61</ele>
      </trkpt>
      <trkpt lat="34.224807" lon="-118.050884">
        <ele>1530.64</ele>
      </trkpt>
      <trkpt lat="34.224893" lon="-118.051254">
        <ele>1538.13</ele>
      </trkpt>
      <trkpt lat="34.225132" lon="-118.051597">
        <ele>1544.46</ele>
      </trkpt>
      <trkpt lat="34.225226" lon="-118.051917">
        <ele>1553.02</ele>
      </trkpt>
      <trkpt lat="34.225361" lon="-118.051997">
        <ele>1551.03</ele>
      </trkpt>
      <trkpt lat="34.225389" lon="-118.052124">
        <ele>1555.53</ele>
      </trkpt>
      <trkpt lat="34.22529" lon="-118.052046">
        <ele>1557.9</ele>
      </trkpt>
      <trkpt lat="34.225169" lon="-118.052043">
        <ele>1564.2</ele>
      </trkpt>
      <trkpt lat="34.224999" lon="-118.051807">
        <ele>1563.9</ele>
      </trkpt>
      <trkpt lat="34.224698" lon="-118.051648">
        <ele>1569.36</ele>
      </trkpt>
      <trkpt lat="34.224407" lon="-118.051517">
        <ele>1573.26</ele>
      </trkpt>
      <trkpt lat="34.224148" lon="-118.051538">
        <ele>1575.34</ele>
      </trkpt>
      <trkpt lat="34.224094" lon="-118.051592">
        <ele>1575.1</ele>
      </trkpt>
      <trkpt lat="34.22425" lon="-118.051659">
        <ele>1580.57</ele>
      </trkpt>
      <trkpt lat="34.224545" lon="-118.051891">
        <ele>1589.52</ele>
      </trkpt>
      <trkpt lat="34.224654" lon="-118.052062">
        <ele>1593.09</ele>
      </trkpt>
      <trkpt lat="34.224808" lon="-118.052198">
        <ele>1595.47</ele>
      </trkpt>
      <trkpt lat="34.224865" lon="-118.052334">
        <ele>1599.31</ele>
      </trkpt>
      <trkpt lat="34.22495" lon="-118.052534">
        <ele>1601.65</ele>
      </trkpt>
      <trkpt lat="34.224909" lon="-118.052594">
        <ele>1606.5</ele>
      </trkpt>
      <trkpt lat="34.224734" lon="-118.052434">
        <ele>1608.68</ele>
      </trkpt>
      <trkpt lat="34.224589" lon="-118.052428">
        <ele>1611</ele>
      </trkpt>
      <trkpt lat="34.224506" lon="-118.052444">
        <ele>1610.3</ele>
      </trkpt>
      <trkpt lat="34.224444" lon="-118.052528">
        <ele>1610.09</ele>
      </trkpt>
      <trkpt lat="34.224438" lon="-118.052806">
        <ele>1614.32</ele>
      </trkpt>
      <trkpt lat="34.224431" lon="-118.053085">
        <ele>1622.98</ele>
      </trkpt>
      <trkpt lat="34.224241" lon="-118.053504">
        <ele>1626.98</ele>
      </trkpt>
      <trkpt lat="34.224243" lon="-118.053847">
        <ele>1633.28</ele>
      </trkpt>
      <trkpt lat="34.224243" lon="-118.054029">
        <ele>1639.3</ele>
      </trkpt>
      <trkpt lat="34.224154" lon="-118.054265">
        <ele>1641.62</ele>
      </trkpt>
      <trkpt lat="34.224344" lon="-118.054122">
        <ele>1653.15</ele>
      </trkpt>
      <trkpt lat="34.224416" lon="-118.053973">
        <ele>1651.45</ele>
      </trkpt>
      <trkpt lat="34.224464" lon="-118.053763">
        <ele>1651.81</ele>
      </trkpt>
      <trkpt lat="34.224547" lon="-118.053728">
        <ele>1657.82</ele>
      </trkpt>
      <trkpt lat="34.224549" lon="-118.053962">
        <ele>1662.19</ele>
      </trkpt>
      <trkpt lat="34.224591" lon="-118.054121">
        <ele>1669.45</ele>
      </trkpt>
      <trkpt lat="34.224463" lon="-118.054312">
        <ele>1671.75</ele>
      </trkpt>
      <trkpt lat="34.224368" lon="-118.054686">
        <ele>1675.64</ele>
      </trkpt>
      <trkpt lat="34.224406" lon="-118.054767">
        <ele>1677.21</ele>
      </trkpt>
      <trkpt lat="34.224484" lon="-118.05463">
        <ele>1684.11</ele>
      </trkpt>
      <trkpt lat="34.224534" lon="-118.054611">
        <ele>1686.89</ele>
      </trkpt>
      <trkpt lat="34.224682" lon="-118.054743">
        <ele>1698.23</ele>
      </trkpt>
      <trkpt lat="34.224558" lon="-118.054914">
        <ele>1695.11</ele>
      </trkpt>
      <trkpt lat="34.22459" lon="-118.055117">
        <ele>1703.46</ele>
      </trkpt>
      <trkpt lat="34.224546" lon="-118.055283">
        <ele>1702.59</ele>
      </trkpt>
      <trkpt lat="34.224565" lon="-118.055371">
        <ele>1705.05</ele>
      </trkpt>
      <trkpt lat="34.224607" lon="-118.05548">
        <ele>1710.22</ele>
      </trkpt>
      <trkpt lat="34.224682" lon="-118.055358">
        <ele>1713.9</ele>
      </trkpt>
      <trkpt lat="34.224758" lon="-118.055429">
        <ele>1718.77</ele>
      </trkpt>
      <trkpt lat="34.224754" lon="-118.055499">
        <ele>1719.37</ele>
      </trkpt>
      <trkpt lat="34.22475" lon="-118.055619">
        <ele>1723.28</ele>
      </trkpt>
      <trkpt lat="34.224821" lon="-118.055723">
        <ele>1727.43</ele>
      </trkpt>
      <trkpt lat="34.224853" lon="-118.055899">
        <ele>1729.77</ele>
      </trkpt>
      <trkpt lat="34.224925" lon="-118.056081">
        <ele>1730.3</ele>
      </trkpt>
      <trkpt lat="34.225177" lon="-118.056432">
        <ele>1732.63</ele>
      </trkpt>
      <trkpt lat="34.225247" lon="-118.056554">
        <ele>1732.27</ele>
      </trkpt>
      <trkpt lat="34.225079" lon="-118.056782">
        <ele>1734.04</ele>
      </trkpt>
      <trkpt lat="34.224956" lon="-118.056988">
        <ele>1731.77</ele>
      </trkpt>
      <trkpt lat="34.224882" lon="-118.057071">
        <ele>1731.07</ele>
      </trkpt>
      <trkpt lat="34.224841" lon="-118.057092">
        <ele>1731.36</ele>
      </trkpt>
      <trkpt lat="34.224968" lon="-118.05735">
        <ele>1730.36</ele>
      </trkpt>
      <trkpt lat="34.224955" lon="-118.057513">
        <ele>1729.24</ele>
      </trkpt>
      <trkpt lat="34.224891" lon="-118.057729">
        <ele>1727.24</ele>
      </trkpt>
      <trkpt lat="34.224785" lon="-118.058024">
        <ele>1727.26</ele>
      </trkpt>
      <trkpt lat="34.224727" lon="-118.058205">
        <ele>1725.77</ele>
      </trkpt>
      <trkpt lat="34.224671" lon="-118.058327">
        <ele>1726.2</ele>
      </trkpt>
      <trkpt lat="34.224657" lon="-118.058425">
        <ele>1727.15</ele>
      </trkpt>
      <trkpt lat="34.224692" lon="-118.058537">
        <ele>1727.87</ele>
      </trkpt>
      <trkpt lat="34.224781" lon="-118.058641">
        <ele>1726.95</ele>
      </trkpt>
      <trkpt lat="34.224796" lon="-118.05876">
        <ele>1725.53</ele>
      </trkpt>
      <trkpt lat="34.22476" lon="-118.05881">
        <ele>1724.48</ele>
      </trkpt>
      <trkpt lat="34.224684" lon="-118.058843">
        <ele>1723.76</ele>
      </trkpt>
      <trkpt lat="34.224548" lon="-118.058873">
        <ele>1725.67</ele>
      </trkpt>
      <trkpt lat="34.224479" lon="-118.058936">
        <ele>1726.97</ele>
      </trkpt>
      <trkpt lat="34.224459" lon="-118.059018">
        <ele>1726.18</ele>
      </trkpt>
      <trkpt lat="34.224413" lon="-118.059143">
        <ele>1724.48</ele>
      </trkpt>
      <trkpt lat="34.224347" lon="-118.059215">
        <ele>1722.37</ele>
      </trkpt>
      <trkpt lat="34.224248" lon="-118.059248">
        <ele>1721.37</ele>
      </trkpt>
      <trkpt lat="34.224137" lon="-118.059249">
        <ele>1721.12</ele>
      </trkpt>
      <trkpt lat="34.224076" lon="-118.059293">
        <ele>1721.67</ele>
      </trkpt>
      <trkpt lat="34.224041" lon="-118.059375">
        <ele>1720.95</ele>
      </trkpt>
      <trkpt lat="34.224031" lon="-118.059522">
        <ele>1718.12</ele>
      </trkpt>
      <trkpt lat="34.224039" lon="-118.059712">
        <ele>1716.14</ele>
      </trkpt>
      <trkpt lat="34.224103" lon="-118.059912">
        <ele>1718.7</ele>
      </trkpt>
      <trkpt lat="34.224198" lon="-118.060083">
        <ele>1720.98</ele>
      </trkpt>
      <trkpt lat="34.224134" lon="-118.06012">
        <ele>1722.33</ele>
      </trkpt>
      <trkpt lat="34.224081" lon="-118.060174">
        <ele>1722.24</ele>
      </trkpt>
      <trkpt lat="34.224056" lon="-118.060244">
        <ele>1722.94</ele>
      </trkpt>
      <trkpt lat="34.22405" lon="-118.060336">
        <ele>1724.51</ele>
      </trkpt>
      <trkpt lat="34.224029" lon="-118.06043">
        <ele>1727.19</ele>
      </trkpt>
      <trkpt lat="34.223984" lon="-118.060535">
        <ele>1729.81</ele>
      </trkpt>
      <trkpt lat="34.223913" lon="-118.060594">
        <ele>1729.34</ele>
      </trkpt>
      <trkpt lat="34.223851" lon="-118.060671">
        <ele>1730.99</ele>
      </trkpt>
      <trkpt lat="34.223824" lon="-118.060791">
        <ele>1731.16</ele>
      </trkpt>
      <trkpt lat="34.223888" lon="-118.06098">
        <ele>1732.73</ele>
      </trkpt>
      <trkpt lat="34.223934" lon="-118.061072">
        <ele>1734.19</ele>
      </trkpt>
      <trkpt lat="34.224107" lon="-118.061098">
        <ele>1736.44</ele>
      </trkpt>
      <trkpt lat="34.224202" lon="-118.061198">
        <ele>1735.97</ele>
      </trkpt>
      <trkpt lat="34.224202" lon="-118.061241">
        <ele>1735.85</ele>
      </trkpt>
      <trkpt lat="34.224202" lon="-118.061323">
        <ele>1735.62</ele>
      </trkpt>
      <trkpt lat="34.224165" lon="-118.061513">
        <ele>1734.73</ele>
      </trkpt>
      <trkpt lat="34.224077" lon="-118.061817">
        <ele>1731.68</ele>
      </trkpt>
      <trkpt lat="34.223986" lon="-118.061906">
        <ele>1730.37</ele>
      </trkpt>
      <trkpt lat="34.223717" lon="-118.062257">
        <ele>1726.51</ele>
      </trkpt>
      <trkpt lat="34.223734" lon="-118.06242">
        <ele>1725</ele>
      </trkpt>
      <trkpt lat="34.223786" lon="-118.062569">
        <ele>1725</ele>
      </trkpt>
      <trkpt lat="34.223922" lon="-118.062685">
        <ele>1725</ele>
      </trkpt>
      <trkpt lat="34.224062" lon="-118.062867">
        <ele>1724.88</ele>
      </trkpt>
      <trkpt lat="34.224155" lon="-118.062956">
        <ele>1724.88</ele>
      </trkpt>
      <trkpt lat="34.224347" lon="-118.063202">
        <ele>1725.19</ele>
      </trkpt>
      <trkpt lat="34.224527" lon="-118.063404">
        <ele>1726.06</ele>
      </trkpt>
      <trkpt lat="34.22494" lon="-118.063777">
        <ele>1724.75</ele>
      </trkpt>
      <trkpt lat="34.225087" lon="-118.063934">
        <ele>1723.81</ele>
      </trkpt>
      <trkpt lat="34.225137" lon="-118.064101">
        <ele>1722.92</ele>
      </trkpt>
      <trkpt lat="34.225192" lon="-118.064337">
        <ele>1722.14</ele>
      </trkpt>
      <trkpt lat="34.225345" lon="-118.06434">
        <ele>1722.49</ele>
      </trkpt>
      <trkpt lat="34.225464" lon="-118.064391">
        <ele>1723.01</ele>
      </trkpt>
      <trkpt lat="34.225555" lon="-118.064487">
        <ele>1723.69</ele>
      </trkpt>
      <trkpt lat="34.225712" lon="-118.064733">
        <ele>1723.75</ele>
      </trkpt>
      <trkpt lat="34.225894" lon="-118.064987">
        <ele>1722.52</ele>
      </trkpt>
      <trkpt lat="34.226118" lon="-118.065226">
        <ele>1723</ele>
      </trkpt>
      <trkpt lat="34.226445" lon="-118.065528">
        <ele>1724.57</ele>
      </trkpt>
      <trkpt lat="34.22687" lon="-118.065964">
        <ele>1722.85</ele>
      </trkpt>
      <trkpt lat="34.227154" lon="-118.066248">
        <ele>1723.85</ele>
      </trkpt>
      <trkpt lat="34.227244" lon="-118.066387">
        <ele>1723.84</ele>
      </trkpt>
      <trkpt lat="34.227329" lon="-118.0666">
        <ele>1724.5</ele>
      </trkpt>
      <trkpt lat="34.227417" lon="-118.066874">
        <ele>1722.64</ele>
      </trkpt>
      <trkpt lat="34.227483" lon="-118.067213">
        <ele>1720.76</ele>
      </trkpt>
      <trkpt lat="34.227561" lon="-118.067438">
        <ele>1720.02</ele>
      </trkpt>
      <trkpt lat="34.227658" lon="-118.067646">
        <ele>1719.29</ele>
      </trkpt>
      <trkpt lat="34.227692" lon="-118.067739">
        <ele>1718.84</ele>
      </trkpt>
      <trkpt lat="34.227911" lon="-118.067903">
        <ele>1717.97</ele>
      </trkpt>
      <trkpt lat="34.228494" lon="-118.068341">
        <ele>1714.34</ele>
      </trkpt>
      <trkpt lat="34.228854" lon="-118.068662">
        <ele>1711.84</ele>
      </trkpt>
      <trkpt lat="34.229028" lon="-118.06889">
        <ele>1710.69</ele>
      </trkpt>
      <trkpt lat="34.229152" lon="-118.069127">
        <ele>1709.06</ele>
      </trkpt>
      <trkpt lat="34.22926" lon="-118.06941">
        <ele>1705.85</ele>
      </trkpt>
      <trkpt lat="34.229324" lon="-118.069716">
        <ele>1703.13</ele>
      </trkpt>
      <trkpt lat="34.22936" lon="-118.070075">
        <ele>1701.96</ele>
      </trkpt>
      <trkpt lat="34.229426" lon="-118.07027">
        <ele>1699.94</ele>
      </trkpt>
      <trkpt lat="34.229517" lon="-118.07039">
        <ele>1698.85</ele>
      </trkpt>
      <trkpt lat="34.229613" lon="-118.070465">
        <ele>1698.98</ele>
      </trkpt>
      <trkpt lat="34.229724" lon="-118.070526">
        <ele>1698.38</ele>
      </trkpt>
      <trkpt lat="34.230641" lon="-118.070879">
        <ele>1695.74</ele>
      </trkpt>
      <trkpt lat="34.231058" lon="-118.07103">
        <ele>1696.76</ele>
      </trkpt>
      <trkpt lat="34.231264" lon="-118.071061">
        <ele>1696.59</ele>
      </trkpt>
      <trkpt lat="34.231703" lon="-118.070934">
        <ele>1694.64</ele>
      </trkpt>
      <trkpt lat="34.231925" lon="-118.07089">
        <ele>1694.94</ele>
      </trkpt>
      <trkpt lat="34.232094" lon="-118.070912">
        <ele>1695.13</ele>
      </trkpt>
      <trkpt lat="34.232219" lon="-118.070972">
        <ele>1694.12</ele>
      </trkpt>
      <trkpt lat="34.232381" lon="-118.071094">
        <ele>1693.73</ele>
      </trkpt>
      <trkpt lat="34.232518" lon="-118.071217">
        <ele>1692.63</ele>
      </trkpt>
      <trkpt lat="34.232574" lon="-118.071327">
        <ele>1693.6</ele>
      </trkpt>
      <trkpt lat="34.232609" lon="-118.071471">
        <ele>1693.5</ele>
      </trkpt>
      <trkpt lat="34.232566" lon="-118.071839">
        <ele>1694.91</ele>
      </trkpt>
      <trkpt lat="34.232586" lon="-118.071945">
        <ele>1694.56</ele>
      </trkpt>
      <trkpt lat="34.232621" lon="-118.072038">
        <ele>1693.18</ele>
      </trkpt>
      <trkpt lat="34.232679" lon="-118.072138">
        <ele>1693.42</ele>
      </trkpt>
      <trkpt lat="34.232826" lon="-118.072297">
        <ele>1691.6</ele>
      </trkpt>
      <trkpt lat="34.232889" lon="-118.072376">
        <ele>1690.74</ele>
      </trkpt>
      <trkpt lat="34.232921" lon="-118.072454">
        <ele>1689.29</ele>
      </trkpt>
      <trkpt lat="34.232934" lon="-118.07254">
        <ele>1689.3</ele>
      </trkpt>
      <trkpt lat="34.232943" lon="-118.072809">
        <ele>1690.18</ele>
      </trkpt>
      <trkpt lat="34.232969" lon="-118.072997">
        <ele>1691.4</ele>
      </trkpt>
      <trkpt lat="34.233008" lon="-118.073119">
        <ele>1690.81</ele>
      </trkpt>
      <trkpt lat="34.233099" lon="-118.073273">
        <ele>1685.86</ele>
      </trkpt>
      <trkpt lat="34.233147" lon="-118.073373">
        <ele>1685.5</ele>
      </trkpt>
      <trkpt lat="34.23316" lon="-118.073492">
        <ele>1684.02</ele>
      </trkpt>
      <trkpt lat="34.233131" lon="-118.073612">
        <ele>1683.18</ele>
      </trkpt>
      <trkpt lat="34.233007" lon="-118.073848">
        <ele>1682.83</ele>
      </trkpt>
      <trkpt lat="34.232974" lon="-118.073961">
        <ele>1683.91</ele>
      </trkpt>
      <trkpt lat="34.23298" lon="-118.074089">
        <ele>1682.25</ele>
      </trkpt>
      <trkpt lat="34.233015" lon="-118.074227">
        <ele>1681.89</ele>
      </trkpt>
      <trkpt lat="34.233083" lon="-118.074383">
        <ele>1681.79</ele>
      </trkpt>
      <trkpt lat="34.233186" lon="-118.074508">
        <ele>1680.44</ele>
      </trkpt>
      <trkpt lat="34.233317" lon="-118.07463">
        <ele>1678.18</ele>
      </trkpt>
      <trkpt lat="34.233393" lon="-118.074731">
        <ele>1678.3</ele>
      </trkpt>
      <trkpt lat="34.233437" lon="-118.074836">
        <ele>1678.23</ele>
      </trkpt>
      <trkpt lat="34.233497" lon="-118.075072">
        <ele>1677.12</ele>
      </trkpt>
      <trkpt lat="34.233572" lon="-118.075217">
        <ele>1677</ele>
      </trkpt>
      <trkpt lat="34.23369" lon="-118.075343">
        <ele>1673.77</ele>
      </trkpt>
      <trkpt lat="34.233847" lon="-118.075425">
        <ele>1671.08</ele>
      </trkpt>
      <trkpt lat="34.233998" lon="-118.075444">
        <ele>1667.61</ele>
      </trkpt>
      <trkpt lat="34.234116" lon="-118.07547">
        <ele>1667.52</ele>
      </trkpt>
      <trkpt lat="34.234173" lon="-118.075517">
        <ele>1668.11</ele>
      </trkpt>
      <trkpt lat="34.23421" lon="-118.075593">
        <ele>1669.11</ele>
      </trkpt>
      <trkpt lat="34.234238" lon="-118.075788">
        <ele>1670.03</ele>
      </trkpt>
      <trkpt lat="34.234276" lon="-118.07598">
        <ele>1669.98</ele>
      </trkpt>
      <trkpt lat="34.234336" lon="-118.076125">
        <ele>1666.8</ele>
      </trkpt>
      <trkpt lat="34.23441" lon="-118.076241">
        <ele>1667.42</ele>
      </trkpt>
      <trkpt lat="34.234504" lon="-118.07633">
        <ele>1665.01</ele>
      </trkpt>
      <trkpt lat="34.234817" lon="-118.076493">
        <ele>1657.41</ele>
      </trkpt>
      <trkpt lat="34.234883" lon="-118.076559">
        <ele>1656.75</ele>
      </trkpt>
      <trkpt lat="34.23493" lon="-118.076643">
        <ele>1655.39</ele>
      </trkpt>
      <trkpt lat="34.234952" lon="-118.076807">
        <ele>1653.22</ele>
      </trkpt>
      <trkpt lat="34.234941" lon="-118.076929">
        <ele>1651.82</ele>
      </trkpt>
      <trkpt lat="34.234867" lon="-118.077151">
        <ele>1649.91</ele>
      </trkpt>
      <trkpt lat="34.234847" lon="-118.077327">
        <ele>1649.09</ele>
      </trkpt>
      <trkpt lat="34.234904" lon="-118.077738">
        <ele>1648.55</ele>
      </trkpt>
      <trkpt lat="34.235006" lon="-118.077968">
        <ele>1645.65</ele>
      </trkpt>
      <trkpt lat="34.235166" lon="-118.078282">
        <ele>1643.92</ele>
      </trkpt>
      <trkpt lat="34.235277" lon="-118.078411">
        <ele>1642.25</ele>
      </trkpt>
      <trkpt lat="34.235377" lon="-118.078507">
        <ele>1640.35</ele>
      </trkpt>
      <trkpt lat="34.235441" lon="-118.078617">
        <ele>1638.4</ele>
      </trkpt>
      <trkpt lat="34.235535" lon="-118.078863">
        <ele>1638.3</ele>
      </trkpt>
      <trkpt lat="34.235626" lon="-118.07901">
        <ele>1638.42</ele>
      </trkpt>
      <trkpt lat="34.235813" lon="-118.079219">
        <ele>1636.27</ele>
      </trkpt>
      <trkpt lat="34.23593" lon="-118.079333">
        <ele>1634.71</ele>
      </trkpt>
      <trkpt lat="34.235973" lon="-118.079443">
        <ele>1632.36</ele>
      </trkpt>
      <trkpt lat="34.235986" lon="-118.0797">
        <ele>1630.87</ele>
      </trkpt>
      <trkpt lat="34.236037" lon="-118.079898">
        <ele>1629.52</ele>
      </trkpt>
      <trkpt lat="34.236059" lon="-118.080025">
        <ele>1627.82</ele>
      </trkpt>
      <trkpt lat="34.236041" lon="-118.080152">
        <ele>1627.78</ele>
      </trkpt>
      <trkpt lat="34.235988" lon="-118.08034">
        <ele>1626.57</ele>
      </trkpt>
      <trkpt lat="34.235966" lon="-118.080443">
        <ele>1625.77</ele>
      </trkpt>
      <trkpt lat="34.235966" lon="-118.080632">
        <ele>1624.57</ele>
      </trkpt>
      <trkpt lat="34.236001" lon="-118.080819">
        <ele>1623.74</ele>
      </trkpt>
      <trkpt lat="34.236063" lon="-118.081013">
        <ele>1623.51</ele>
      </trkpt>
      <trkpt lat="34.236138" lon="-118.081157">
        <ele>1620.71</ele>
      </trkpt>
      <trkpt lat="34.236342" lon="-118.081396">
        <ele>1620.87</ele>
      </trkpt>
      <trkpt lat="34.236432" lon="-118.081585">
        <ele>1615.77</ele>
      </trkpt>
      <trkpt lat="34.236514" lon="-118.081851">
        <ele>1614.18</ele>
      </trkpt>
      <trkpt lat="34.236568" lon="-118.082101">
        <ele>1613.35</ele>
      </trkpt>
      <trkpt lat="34.236622" lon="-118.082352">
        <ele>1618.17</ele>
      </trkpt>
      <trkpt lat="34.236634" lon="-118.082452">
        <ele>1618.42</ele>
      </trkpt>
      <trkpt lat="34.236625" lon="-118.082573">
        <ele>1616.83</ele>
      </trkpt>
      <trkpt lat="34.236573" lon="-118.082662">
        <ele>1614.17</ele>
      </trkpt>
      <trkpt lat="34.236508" lon="-118.082747">
        <ele>1612.73</ele>
      </trkpt>
      <trkpt lat="34.236482" lon="-118.082866">
        <ele>1610.84</ele>
      </trkpt>
      <trkpt lat="34.236513" lon="-118.083044">
        <ele>1609.8</ele>
      </trkpt>
      <trkpt lat="34.236538" lon="-118.08316">
        <ele>1606.77</ele>
      </trkpt>
      <trkpt lat="34.236527" lon="-118.083278">
        <ele>1606.73</ele>
      </trkpt>
      <trkpt lat="34.236473" lon="-118.083462">
        <ele>1608.55</ele>
      </trkpt>
      <trkpt lat="34.236482" lon="-118.083654">
        <ele>1608.25</ele>
      </trkpt>
      <trkpt lat="34.236537" lon="-118.083832">
        <ele>1608.49</ele>
      </trkpt>
      <trkpt lat="34.236595" lon="-118.083959">
        <ele>1610.47</ele>
      </trkpt>
      <trkpt lat="34.236734" lon="-118.08407">
        <ele>1609.91</ele>
      </trkpt>
      <trkpt lat="34.237098" lon="-118.084269">
        <ele>1613.57</ele>
      </trkpt>
      <trkpt lat="34.237234" lon="-118.084321">
        <ele>1615.56</ele>
      </trkpt>
      <trkpt lat="34.237419" lon="-118.084299">
        <ele>1609.63</ele>
      </trkpt>
      <trkpt lat="34.237547" lon="-118.084298">
        <ele>1604.87</ele>
      </trkpt>
      <trkpt lat="34.237602" lon="-118.084352">
        <ele>1603.2</ele>
      </trkpt>
      <trkpt lat="34.237638" lon="-118.084463">
        <ele>1602.48</ele>
      </trkpt>
      <trkpt lat="34.237687" lon="-118.08469">
        <ele>1600.5</ele>
      </trkpt>
      <trkpt lat="34.237694" lon="-118.084795">
        <ele>1600.11</ele>
      </trkpt>
      <trkpt lat="34.237668" lon="-118.084963">
        <ele>1600.93</ele>
      </trkpt>
      <trkpt lat="34.237676" lon="-118.085095">
        <ele>1600.48</ele>
      </trkpt>
      <trkpt lat="34.237712" lon="-118.085216">
        <ele>1602.15</ele>
      </trkpt>
      <trkpt lat="34.237774" lon="-118.085333">
        <ele>1602.7</ele>
      </trkpt>
      <trkpt lat="34.237882" lon="-118.085496">
        <ele>1600.57</ele>
      </trkpt>
      <trkpt lat="34.238033" lon="-118.085735">
        <ele>1600.65</ele>
      </trkpt>
      <trkpt lat="34.238115" lon="-118.085957">
        <ele>1597.98</ele>
      </trkpt>
      <trkpt lat="34.238308" lon="-118.086314">
        <ele>1596.38</ele>
      </trkpt>
      <trkpt lat="34.238379" lon="-118.086485">
        <ele>1594.07</ele>
      </trkpt>
      <trkpt lat="34.238414" lon="-118.086821">
        <ele>1592.07</ele>
      </trkpt>
      <trkpt lat="34.238492" lon="-118.087212">
        <ele>1591.42</ele>
      </trkpt>
      <trkpt lat="34.238565" lon="-118.087481">
        <ele>1588.34</ele>
      </trkpt>
      <trkpt lat="34.238639" lon="-118.087749">
        <ele>1587.77</ele>
      </trkpt>
      <trkpt lat="34.238663" lon="-118.088048">
        <ele>1584.99</ele>
      </trkpt>
      <trkpt lat="34.238685" lon="-118.088233">
        <ele>1583.13</ele>
      </trkpt>
      <trkpt lat="34.238734" lon="-118.088443">
        <ele>1582.79</ele>
      </trkpt>
      <trkpt lat="34.238891" lon="-118.089073">
        <ele>1578.53</ele>
      </trkpt>
      <trkpt lat="34.238968" lon="-118.089288">
        <ele>1576.84</ele>
      </trkpt>
      <trkpt lat="34.239009" lon="-118.089499">
        <ele>1576.37</ele>
      </trkpt>
      <trkpt lat="34.239018" lon="-118.089693">
        <ele>1575.5</ele>
      </trkpt>
      <trkpt lat="34.238986" lon="-118.089977">
        <ele>1572.85</ele>
      </trkpt>
      <trkpt lat="34.238884" lon="-118.090454">
        <ele>1570.97</ele>
      </trkpt>
      <trkpt lat="34.238789" lon="-118.09075">
        <ele>1569.75</ele>
      </trkpt>
      <trkpt lat="34.238786" lon="-118.090921">
        <ele>1568.64</ele>
      </trkpt>
      <trkpt lat="34.238819" lon="-118.091121">
        <ele>1567.01</ele>
      </trkpt>
      <trkpt lat="34.239035" lon="-118.091816">
        <ele>1563.23</ele>
      </trkpt>
      <trkpt lat="34.239107" lon="-118.092141">
        <ele>1560.46</ele>
      </trkpt>
      <trkpt lat="34.239174" lon="-118.092493">
        <ele>1559.09</ele>
      </trkpt>
      <trkpt lat="34.239246" lon="-118.093002">
        <ele>1556.51</ele>
      </trkpt>
      <trkpt lat="34.239273" lon="-118.093097">
        <ele>1556.85</ele>
      </trkpt>
      <trkpt lat="34.239315" lon="-118.093184">
        <ele>1558</ele>
      </trkpt>
      <trkpt lat="34.239357" lon="-118.093236">
        <ele>1558</ele>
      </trkpt>
      <trkpt lat="34.239293" lon="-118.093356">
        <ele>1558.04</ele>
      </trkpt>
      <trkpt lat="34.239235" lon="-118.093428">
        <ele>1558.88</ele>
      </trkpt>
      <trkpt lat="34.239221" lon="-118.093476">
        <ele>1559.44</ele>
      </trkpt>
      <trkpt lat="34.239187" lon="-118.093661">
        <ele>1562.5</ele>
      </trkpt>
      <trkpt lat="34.239194" lon="-118.093712">
        <ele>1563.92</ele>
      </trkpt>
      <trkpt lat="34.239235" lon="-118.093777">
        <ele>1563.74</ele>
      </trkpt>
      <trkpt lat="34.239319" lon="-118.09385">
        <ele>1565.1</ele>
      </trkpt>
      <trkpt lat="34.239481" lon="-118.093942">
        <ele>1563.99</ele>
      </trkpt>
      <trkpt lat="34.239751" lon="-118.093917">
        <ele>1563.94</ele>
      </trkpt>
      <trkpt lat="34.239833" lon="-118.093894">
        <ele>1564.36</ele>
      </trkpt>
      <trkpt lat="34.239973" lon="-118.093834">
        <ele>1567.19</ele>
      </trkpt>
      <trkpt lat="34.240075" lon="-118.093826">
        <ele>1568.79</ele>
      </trkpt>
      <trkpt lat="34.240225" lon="-118.093853">
        <ele>1570.33</ele>
      </trkpt>
      <trkpt lat="34.240436" lon="-118.093914">
        <ele>1572.37</ele>
      </trkpt>
      <trkpt lat="34.240497" lon="-118.09394">
        <ele>1573.38</ele>
      </trkpt>
      <trkpt lat="34.240611" lon="-118.094053">
        <ele>1573.99</ele>
      </trkpt>
      <trkpt lat="34.240654" lon="-118.09417">
        <ele>1576.1</ele>
      </trkpt>
      <trkpt lat="34.240677" lon="-118.094254">
        <ele>1578.93</ele>
      </trkpt>
      <trkpt lat="34.240687" lon="-118.094363">
        <ele>1580.76</ele>
      </trkpt>
      <trkpt lat="34.240685" lon="-118.094439">
        <ele>1578.55</ele>
      </trkpt>
      <trkpt lat="34.24069" lon="-118.094469">
        <ele>1578</ele>
      </trkpt>
      <trkpt lat="34.240701" lon="-118.094498">
        <ele>1577.81</ele>
      </trkpt>
      <trkpt lat="34.240749" lon="-118.094578">
        <ele>1577.45</ele>
      </trkpt>
      <trkpt lat="34.240819" lon="-118.094663">
        <ele>1581.76</ele>
      </trkpt>
      <trkpt lat="34.240836" lon="-118.094696">
        <ele>1582.7</ele>
      </trkpt>
      <trkpt lat="34.240897" lon="-118.094874">
        <ele>1582.84</ele>
      </trkpt>
      <trkpt lat="34.240921" lon="-118.094971">
        <ele>1584.45</ele>
      </trkpt>
      <trkpt lat="34.240937" lon="-118.095068">
        <ele>1585.46</ele>
      </trkpt>
      <trkpt lat="34.240933" lon="-118.095183">
        <ele>1583.92</ele>
      </trkpt>
      <trkpt lat="34.24094" lon="-118.095243">
        <ele>1584.54</ele>
      </trkpt>
      <trkpt lat="34.240938" lon="-118.095298">
        <ele>1587.23</ele>
      </trkpt>
      <trkpt lat="34.240917" lon="-118.095366">
        <ele>1588.58</ele>
      </trkpt>
      <trkpt lat="34.24083" lon="-118.095526">
        <ele>1586.25</ele>
      </trkpt>
      <trkpt lat="34.240815" lon="-118.095612">
        <ele>1587.37</ele>
      </trkpt>
      <trkpt lat="34.240812" lon="-118.095642">
        <ele>1586.39</ele>
      </trkpt>
      <trkpt lat="34.24083" lon="-118.09575">
        <ele>1585.61</ele>
      </trkpt>
      <trkpt lat="34.240853" lon="-118.095818">
        <ele>1584.66</ele>
      </trkpt>
      <trkpt lat="34.240882" lon="-118.095849">
        <ele>1584.68</ele>
      </trkpt>
      <trkpt lat="34.240992" lon="-118.095911">
        <ele>1587.33</ele>
      </trkpt>
      <trkpt lat="34.241005" lon="-118.095929">
        <ele>1587.14</ele>
      </trkpt>
      <trkpt lat="34.241032" lon="-118.095997">
        <ele>1591.58</ele>
      </trkpt>
      <trkpt lat="34.241042" lon="-118.096074">
        <ele>1596.41</ele>
      </trkpt>
      <trkpt lat="34.241044" lon="-118.096134">
        <ele>1595.98</ele>
      </trkpt>
      <trkpt lat="34.24087" lon="-118.096708">
        <ele>1591.63</ele>
      </trkpt>
      <trkpt lat="34.240783" lon="-118.096902">
        <ele>1589.76</ele>
      </trkpt>
      <trkpt lat="34.240722" lon="-118.096964">
        <ele>1588.7</ele>
      </trkpt>
      <trkpt lat="34.240682" lon="-118.096988">
        <ele>1588.05</ele>
      </trkpt>
      <trkpt lat="34.240603" lon="-118.097012">
        <ele>1583.99</ele>
      </trkpt>
      <trkpt lat="34.240469" lon="-118.09704">
        <ele>1582.71</ele>
      </trkpt>
      <trkpt lat="34.240352" lon="-118.09715">
        <ele>1584.83</ele>
      </trkpt>
      <trkpt lat="34.240322" lon="-118.097204">
        <ele>1586.19</ele>
      </trkpt>
      <trkpt lat="34.240265" lon="-118.097379">
        <ele>1590.06</ele>
      </trkpt>
      <trkpt lat="34.240161" lon="-118.097722">
        <ele>1591.73</ele>
      </trkpt>
      <trkpt lat="34.240158" lon="-118.097882">
        <ele>1593.32</ele>
      </trkpt>
      <trkpt lat="34.240273" lon="-118.098228">
        <ele>1599.59</ele>
      </trkpt>
      <trkpt lat="34.240319" lon="-118.098596">
        <ele>1601.34</ele>
      </trkpt>
      <trkpt lat="34.240317" lon="-118.098674">
        <ele>1601.71</ele>
      </trkpt>
      <trkpt lat="34.240261" lon="-118.098773">
        <ele>1603.65</ele>
      </trkpt>
      <trkpt lat="34.24019" lon="-118.098835">
        <ele>1603.48</ele>
      </trkpt>
      <trkpt lat="34.240077" lon="-118.098874">
        <ele>1603.07</ele>
      </trkpt>
      <trkpt lat="34.239859" lon="-118.098886">
        <ele>1602.89</ele>
      </trkpt>
      <trkpt lat="34.23968" lon="-118.098923">
        <ele>1604.99</ele>
      </trkpt>
      <trkpt lat="34.23957" lon="-118.098987">
        <ele>1606.26</ele>
      </trkpt>
      <trkpt lat="34.239397" lon="-118.09915">
        <ele>1609.82</ele>
      </trkpt>
      <trkpt lat="34.239202" lon="-118.09931">
        <ele>1611.03</ele>
      </trkpt>
      <trkpt lat="34.23908" lon="-118.099377">
        <ele>1611.73</ele>
      </trkpt>
      <trkpt lat="34.23889" lon="-118.09956">
        <ele>1609.26</ele>
      </trkpt>
      <trkpt lat="34.238474" lon="-118.10018">
        <ele>1603.68</ele>
      </trkpt>
      <trkpt lat="34.23834" lon="-118.100291">
        <ele>1605.07</ele>
      </trkpt>
      <trkpt lat="34.238174" lon="-118.100476">
        <ele>1603.25</ele>
      </trkpt>
      <trkpt lat="34.238042" lon="-118.100845">
        <ele>1598.54</ele>
      </trkpt>
      <trkpt lat="34.237897" lon="-118.101046">
        <ele>1598.66</ele>
      </trkpt>
      <trkpt lat="34.237784" lon="-118.101303">
        <ele>1596.57</ele>
      </trkpt>
      <trkpt lat="34.237607" lon="-118.101586">
        <ele>1596.14</ele>
      </trkpt>
      <trkpt lat="34.237563" lon="-118.101733">
        <ele>1593.39</ele>
      </trkpt>
      <trkpt lat="34.237512" lon="-118.102012">
        <ele>1589.89</ele>
      </trkpt>
      <trkpt lat="34.237455" lon="-118.102132">
        <ele>1591.18</ele>
      </trkpt>
      <trkpt lat="34.237277" lon="-118.102346">
        <ele>1590.35</ele>
      </trkpt>
      <trkpt lat="34.237233" lon="-118.102463">
        <ele>1588.13</ele>
      </trkpt>
      <trkpt lat="34.237207" lon="-118.102657">
        <ele>1587.05</ele>
      </trkpt>
      <trkpt lat="34.237161" lon="-118.102737">
        <ele>1587.47</ele>
      </trkpt>
      <trkpt lat="34.237054" lon="-118.102843">
        <ele>1588.28</ele>
      </trkpt>
      <trkpt lat="34.236915" lon="-118.103116">
        <ele>1584.67</ele>
      </trkpt>
      <trkpt lat="34.23679" lon="-118.103223">
        <ele>1585.42</ele>
      </trkpt>
      <trkpt lat="34.236524" lon="-118.103271">
        <ele>1585.24</ele>
      </trkpt>
      <trkpt lat="34.236359" lon="-118.103274">
        <ele>1584.82</ele>
      </trkpt>
      <trkpt lat="34.236257" lon="-118.103304">
        <ele>1583.23</ele>
      </trkpt>
      <trkpt lat="34.23616" lon="-118.103388">
        <ele>1580.66</ele>
      </trkpt>
      <trkpt lat="34.236038" lon="-118.103542">
        <ele>1577.74</ele>
      </trkpt>
      <trkpt lat="34.235931" lon="-118.103705">
        <ele>1576.08</ele>
      </trkpt>
      <trkpt lat="34.235884" lon="-118.103872">
        <ele>1574.08</ele>
      </trkpt>
      <trkpt lat="34.235879" lon="-118.104346">
        <ele>1569.44</ele>
      </trkpt>
      <trkpt lat="34.235895" lon="-118.104499">
        <ele>1569.2</ele>
      </trkpt>
      <trkpt lat="34.235893" lon="-118.1046">
        <ele>1568.99</ele>
      </trkpt>
      <trkpt lat="34.23584" lon="-118.104688">
        <ele>1570.86</ele>
      </trkpt>
      <trkpt lat="34.235725" lon="-118.10482">
        <ele>1570.94</ele>
      </trkpt>
      <trkpt lat="34.235664" lon="-118.104959">
        <ele>1569.23</ele>
      </trkpt>
      <trkpt lat="34.235627" lon="-118.105003">
        <ele>1569.84</ele>
      </trkpt>
      <trkpt lat="34.235482" lon="-118.105009">
        <ele>1573.6</ele>
      </trkpt>
      <trkpt lat="34.235347" lon="-118.105066">
        <ele>1570.49</ele>
      </trkpt>
      <trkpt lat="34.234994" lon="-118.105287">
        <ele>1567.03</ele>
      </trkpt>
      <trkpt lat="34.23482" lon="-118.105482">
        <ele>1563.36</ele>
      </trkpt>
      <trkpt lat="34.234238" lon="-118.105463">
        <ele>1565.73</ele>
      </trkpt>
      <trkpt lat="34.234073" lon="-118.105615">
        <ele>1563.59</ele>
      </trkpt>
      <trkpt lat="34.234054" lon="-118.105874">
        <ele>1563.02</ele>
      </trkpt>
      <trkpt lat="34.234104" lon="-118.106145">
        <ele>1560.59</ele>
      </trkpt>
      <trkpt lat="34.234226" lon="-118.106429">
        <ele>1557.27</ele>
      </trkpt>
      <trkpt lat="34.234286" lon="-118.106725">
        <ele>1556.8</ele>
      </trkpt>
      <trkpt lat="34.234406" lon="-118.107318">
        <ele>1552.69</ele>
      </trkpt>
      <trkpt lat="34.234429" lon="-118.108086">
        <ele>1547.47</ele>
      </trkpt>
      <trkpt lat="34.234482" lon="-118.10835">
        <ele>1546.74</ele>
      </trkpt>
      <trkpt lat="34.234446" lon="-118.108625">
        <ele>1547.4</ele>
      </trkpt>
      <trkpt lat="34.234374" lon="-118.109174">
        <ele>1542.83</ele>
      </trkpt>
      <trkpt lat="34.234302" lon="-118.109477">
        <ele>1542.3</ele>
      </trkpt>
      <trkpt lat="34.23423" lon="-118.109779">
        <ele>1539.36</ele>
      </trkpt>
      <trkpt lat="34.234158" lon="-118.110081">
        <ele>1540.09</ele>
      </trkpt>
      <trkpt lat="34.234142" lon="-118.110452">
        <ele>1533.23</ele>
      </trkpt>
      <trkpt lat="34.234196" lon="-118.11112">
        <ele>1530.95</ele>
      </trkpt>
      <trkpt lat="34.234192" lon="-118.111914">
        <ele>1526.92</ele>
      </trkpt>
      <trkpt lat="34.234252" lon="-118.112214">
        <ele>1521.72</ele>
      </trkpt>
      <trkpt lat="34.234372" lon="-118.112814">
        <ele>1519.02</ele>
      </trkpt>
      <trkpt lat="34.23426" lon="-118.113264">
        <ele>1518.92</ele>
      </trkpt>
      <trkpt lat="34.234314" lon="-118.113541">
        <ele>1511.76</ele>
      </trkpt>
      <trkpt lat="34.234421" lon="-118.114094">
        <ele>1513.42</ele>
      </trkpt>
      <trkpt lat="34.234351" lon="-118.114403">
        <ele>1514.94</ele>
      </trkpt>
      <trkpt lat="34.234282" lon="-118.114713">
        <ele>1511.58</ele>
      </trkpt>
      <trkpt lat="34.234335" lon="-118.115011">
        <ele>1505.83</ele>
      </trkpt>
      <trkpt lat="34.234387" lon="-118.115308">
        <ele>1504.09</ele>
      </trkpt>
      <trkpt lat="34.234326" lon="-118.115643">
        <ele>1505.78</ele>
      </trkpt>
      <trkpt lat="34.234265" lon="-118.115977">
        <ele>1501.56</ele>
      </trkpt>
      <trkpt lat="34.234265" lon="-118.116222">
        <ele>1497.33</ele>
      </trkpt>
      <trkpt lat="34.234444" lon="-118.116784">
        <ele>1497.5</ele>
      </trkpt>
      <trkpt lat="34.234533" lon="-118.117065">
        <ele>1488.26</ele>
      </trkpt>
      <trkpt lat="34.234561" lon="-118.117276">
        <ele>1487.46</ele>
      </trkpt>
      <trkpt lat="34.234474" lon="-118.117607">
        <ele>1491.97</ele>
      </trkpt>
      <trkpt lat="34.234424" lon="-118.117641">
        <ele>1491.71</ele>
      </trkpt>
      <trkpt lat="34.234325" lon="-118.118019">
        <ele>1486.83</ele>
      </trkpt>
      <trkpt lat="34.234346" lon="-118.118235">
        <ele>1490.17</ele>
      </trkpt>
      <trkpt lat="34.234411" lon="-118.118506">
        <ele>1493.63</ele>
      </trkpt>
      <trkpt lat="34.234476" lon="-118.118776">
        <ele>1494.32</ele>
      </trkpt>
      <trkpt lat="34.234592" lon="-118.119098">
        <ele>1493.58</ele>
      </trkpt>
      <trkpt lat="34.234779" lon="-118.119365">
        <ele>1489.5</ele>
      </trkpt>
      <trkpt lat="34.234956" lon="-118.119523">
        <ele>1486.45</ele>
      </trkpt>
      <trkpt lat="34.235077" lon="-118.119719">
        <ele>1484.07</ele>
      </trkpt>
      <trkpt lat="34.235131" lon="-118.120012">
        <ele>1479.9</ele>
      </trkpt>
      <trkpt lat="34.23524" lon="-118.120259">
        <ele>1475.02</ele>
      </trkpt>
      <trkpt lat="34.23535" lon="-118.120506">
        <ele>1474.19</ele>
      </trkpt>
      <trkpt lat="34.235532" lon="-118.12066">
        <ele>1467.64</ele>
      </trkpt>
      <trkpt lat="34.235715" lon="-118.120815">
        <ele>1458.21</ele>
      </trkpt>
      <trkpt lat="34.235834" lon="-118.121191">
        <ele>1446.72</ele>
      </trkpt>
      <trkpt lat="34.235727" lon="-118.121503">
        <ele>1449.32</ele>
      </trkpt>
      <trkpt lat="34.235639" lon="-118.121638">
        <ele>1449.32</ele>
      </trkpt>
      <trkpt lat="34.235648" lon="-118.121897">
        <ele>1441.2</ele>
      </trkpt>
      <trkpt lat="34.235547" lon="-118.122326">
        <ele>1436.51</ele>
      </trkpt>
      <trkpt lat="34.23561" lon="-118.12261">
        <ele>1430.03</ele>
      </trkpt>
      <trkpt lat="34.235626" lon="-118.122879">
        <ele>1421.95</ele>
      </trkpt>
      <trkpt lat="34.235718" lon="-118.122996">
        <ele>1416.44</ele>
      </trkpt>
      <trkpt lat="34.23584" lon="-118.123189">
        <ele>1413.59</ele>
      </trkpt>
      <trkpt lat="34.236025" lon="-118.123386">
        <ele>1409.19</ele>
      </trkpt>
      <trkpt lat="34.2361" lon="-118.123641">
        <ele>1408.61</ele>
      </trkpt>
      <trkpt lat="34.236278" lon="-118.123929">
        <ele>1401.83</ele>
      </trkpt>
      <trkpt lat="34.236184" lon="-118.124199">
        <ele>1401.41</ele>
      </trkpt>
      <trkpt lat="34.236139" lon="-118.12434">
        <ele>1399.26</ele>
      </trkpt>
      <trkpt lat="34.236009" lon="-118.124398">
        <ele>1400.95</ele>
      </trkpt>
      <trkpt lat="34.235851" lon="-118.12467">
        <ele>1391.84</ele>
      </trkpt>
      <trkpt lat="34.235692" lon="-118.124942">
        <ele>1386.56</ele>
      </trkpt>
      <trkpt lat="34.23567" lon="-118.12509">
        <ele>1380.41</ele>
      </trkpt>
      <trkpt lat="34.235727" lon="-118.125384">
        <ele>1371.8</ele>
      </trkpt>
      <trkpt lat="34.235723" lon="-118.125682">
        <ele>1366.53</ele>
      </trkpt>
      <trkpt lat="34.235721" lon="-118.125776">
        <ele>1363.41</ele>
      </trkpt>
      <trkpt lat="34.235502" lon="-118.125872">
        <ele>1363.4</ele>
      </trkpt>
      <trkpt lat="34.235543" lon="-118.125937">
        <ele>1360.17</ele>
      </trkpt>
      <trkpt lat="34.235706" lon="-118.125942">
        <ele>1357.4</ele>
      </trkpt>
      <trkpt lat="34.235848" lon="-118.125865">
        <ele>1354.66</ele>
      </trkpt>
      <trkpt lat="34.235939" lon="-118.125779">
        <ele>1350.57</ele>
      </trkpt>
      <trkpt lat="34.236086" lon="-118.1258">
        <ele>1338.58</ele>
      </trkpt>
      <trkpt lat="34.236095" lon="-118.125992">
        <ele>1333.96</ele>
      </trkpt>
      <trkpt lat="34.235995" lon="-118.126271">
        <ele>1330.02</ele>
      </trkpt>
      <trkpt lat="34.23593" lon="-118.126528">
        <ele>1326.76</ele>
      </trkpt>
      <trkpt lat="34.235823" lon="-118.126658">
        <ele>1326.39</ele>
      </trkpt>
      <trkpt lat="34.235542" lon="-118.126641">
        <ele>1322.99</ele>
      </trkpt>
      <trkpt lat="34.235573" lon="-118.126766">
        <ele>1317.7</ele>
      </trkpt>
      <trkpt lat="34.235708" lon="-118.126899">
        <ele>1314.93</ele>
      </trkpt>
      <trkpt lat="34.235824" lon="-118.127033">
        <ele>1309.78</ele>
      </trkpt>
      <trkpt lat="34.235999" lon="-118.127045">
        <ele>1304.02</ele>
      </trkpt>
      <trkpt lat="34.2361" lon="-118.127082">
        <ele>1297.58</ele>
      </trkpt>
      <trkpt lat="34.236103" lon="-118.127308">
        <ele>1286.9</ele>
      </trkpt>
      <trkpt lat="34.235992" lon="-118.127682">
        <ele>1283.64</ele>
      </trkpt>
      <trkpt lat="34.235977" lon="-118.127755">
        <ele>1282.85</ele>
      </trkpt>
      <trkpt lat="34.235913" lon="-118.127801">
        <ele>1283.58</ele>
      </trkpt>
      <trkpt lat="34.235804" lon="-118.127793">
        <ele>1284.07</ele>
      </trkpt>
      <trkpt lat="34.23571" lon="-118.127745">
        <ele>1284.53</ele>
      </trkpt>
      <trkpt lat="34.235632" lon="-118.127774">
        <ele>1281.73</ele>
      </trkpt>
      <trkpt lat="34.235542" lon="-118.127736">
        <ele>1281.35</ele>
      </trkpt>
      <trkpt lat="34.235485" lon="-118.127646">
        <ele>1282.93</ele>
      </trkpt>
      <trkpt lat="34.235401" lon="-118.127497">
        <ele>1282.3</ele>
      </trkpt>
      <trkpt lat="34.235369" lon="-118.127491">
        <ele>1280.3</ele>
      </trkpt>
      <trkpt lat="34.235377" lon="-118.12755">
        <ele>1278.87</ele>
      </trkpt>
      <trkpt lat="34.235417" lon="-118.127639">
        <ele>1278.86</ele>
      </trkpt>
      <trkpt lat="34.235478" lon="-118.127878">
        <ele>1273.71</ele>
      </trkpt>
      <trkpt lat="34.23549" lon="-118.127971">
        <ele>1270.68</ele>
      </trkpt>
      <trkpt lat="34.23561" lon="-118.128132">
        <ele>1268.06</ele>
      </trkpt>
      <trkpt lat="34.23572" lon="-118.128226">
        <ele>1266.71</ele>
      </trkpt>
      <trkpt lat="34.235723" lon="-118.128334">
        <ele>1264.55</ele>
      </trkpt>
      <trkpt lat="34.235679" lon="-118.128574">
        <ele>1261.28</ele>
      </trkpt>
      <trkpt lat="34.235686" lon="-118.128737">
        <ele>1258.56</ele>
      </trkpt>
      <trkpt lat="34.235774" lon="-118.128837">
        <ele>1256.82</ele>
      </trkpt>
      <trkpt lat="34.23583" lon="-118.128996">
        <ele>1255.64</ele>
      </trkpt>
      <trkpt lat="34.235918" lon="-118.128992">
        <ele>1254.25</ele>
      </trkpt>
      <trkpt lat="34.236007" lon="-118.129067">
        <ele>1252.5</ele>
      </trkpt>
      <trkpt lat="34.236101" lon="-118.129239">
        <ele>1247.95</ele>
      </trkpt>
      <trkpt lat="34.236149" lon="-118.129386">
        <ele>1243.93</ele>
      </trkpt>
      <trkpt lat="34.236174" lon="-118.129584">
        <ele>1240.52</ele>
      </trkpt>
      <trkpt lat="34.236144" lon="-118.129799">
        <ele>1238.52</ele>
      </trkpt>
      <trkpt lat="34.236094" lon="-118.129872">
        <ele>1237.09</ele>
      </trkpt>
      <trkpt lat="34.23578" lon="-118.129968">
        <ele>1236.2</ele>
      </trkpt>
      <trkpt lat="34.23557" lon="-118.130033">
        <ele>1237.69</ele>
      </trkpt>
      <trkpt lat="34.235678" lon="-118.130033">
        <ele>1235.46</ele>
      </trkpt>
      <trkpt lat="34.23557" lon="-118.130033">
        <ele>1237.69</ele>
      </trkpt>
      <trkpt lat="34.235479" lon="-118.12985">
        <ele>1239.8</ele>
      </trkpt>
      <trkpt lat="34.235406" lon="-118.129528">
        <ele>1237.8</ele>
      </trkpt>
      <trkpt lat="34.235234" lon="-118.129183">
        <ele>1233.42</ele>
      </trkpt>
      <trkpt lat="34.23504" lon="-118.128919">
        <ele>1226.45</ele>
      </trkpt>
      <trkpt lat="34.235047" lon="-118.1287">
        <ele>1227.77</ele>
      </trkpt>
      <trkpt lat="34.234708" lon="-118.128646">
        <ele>1211.53</ele>
      </trkpt>
      <trkpt lat="34.234674" lon="-118.12831">
        <ele>1219.59</ele>
      </trkpt>
      <trkpt lat="34.234403" lon="-118.128292">
        <ele>1198.06</ele>
      </trkpt>
      <trkpt lat="34.234259" lon="-118.128228">
        <ele>1198.42</ele>
      </trkpt>
      <trkpt lat="34.23383" lon="-118.12825">
        <ele>1193.53</ele>
      </trkpt>
      <trkpt lat="34.233509" lon="-118.128128">
        <ele>1192.1</ele>
      </trkpt>
      <trkpt lat="34.233176" lon="-118.127951">
        <ele>1182.69</ele>
      </trkpt>
      <trkpt lat="34.232981" lon="-118.127916">
        <ele>1181.33</ele>
      </trkpt>
      <trkpt lat="34.232641" lon="-118.128038">
        <ele>1173.79</ele>
      </trkpt>
      <trkpt lat="34.232554" lon="-118.127972">
        <ele>1171.87</ele>
      </trkpt>
      <trkpt lat="34.232486" lon="-118.128027">
        <ele>1166.44</ele>
      </trkpt>
      <trkpt lat="34.232483" lon="-118.12814">
        <ele>1162.08</ele>
      </trkpt>
      <trkpt lat="34.232612" lon="-118.12825">
        <ele>1158.91</ele>
      </trkpt>
      <trkpt lat="34.232755" lon="-118.128299">
        <ele>1160.17</ele>
      </trkpt>
      <trkpt lat="34.232983" lon="-118.128312">
        <ele>1158.47</ele>
      </trkpt>
      <trkpt lat="34.23304" lon="-118.128341">
        <ele>1157.9</ele>
      </trkpt>
      <trkpt lat="34.233136" lon="-118.12866">
        <ele>1148.17</ele>
      </trkpt>
      <trkpt lat="34.233238" lon="-118.128819">
        <ele>1147.69</ele>
      </trkpt>
      <trkpt lat="34.233491" lon="-118.128971">
        <ele>1144.68</ele>
      </trkpt>
      <trkpt lat="34.233667" lon="-118.129152">
        <ele>1149.88</ele>
      </trkpt>
      <trkpt lat="34.233465" lon="-118.129268">
        <ele>1145.68</ele>
      </trkpt>
      <trkpt lat="34.23331" lon="-118.129336">
        <ele>1142.42</ele>
      </trkpt>
      <trkpt lat="34.233183" lon="-118.129425">
        <ele>1143.81</ele>
      </trkpt>
      <trkpt lat="34.232943" lon="-118.129443">
        <ele>1138.95</ele>
      </trkpt>
      <trkpt lat="34.232807" lon="-118.129439">
        <ele>1133.5</ele>
      </trkpt>
      <trkpt lat="34.232643" lon="-118.129499">
        <ele>1122.66</ele>
      </trkpt>
      <trkpt lat="34.232585" lon="-118.129677">
        <ele>1118.15</ele>
      </trkpt>
      <trkpt lat="34.232598" lon="-118.129897">
        <ele>1116.32</ele>
      </trkpt>
      <trkpt lat="34.232526" lon="-118.130129">
        <ele>1106.6</ele>
      </trkpt>
      <trkpt lat="34.232575" lon="-118.13044">
        <ele>1105.82</ele>
      </trkpt>
      <trkpt lat="34.23251" lon="-118.130686">
        <ele>1112.68</ele>
      </trkpt>
      <trkpt lat="34.232383" lon="-118.130697">
        <ele>1113.72</ele>
      </trkpt>
      <trkpt lat="34.232227" lon="-118.130605">
        <ele>1102.58</ele>
      </trkpt>
      <trkpt lat="34.232095" lon="-118.130627">
        <ele>1096.31</ele>
      </trkpt>
      <trkpt lat="34.232013" lon="-118.130775">
        <ele>1102.04</ele>
      </trkpt>
      <trkpt lat="34.231808" lon="-118.130758">
        <ele>1100.23</ele>
      </trkpt>
      <trkpt lat="34.231579" lon="-118.130673">
        <ele>1090.53</ele>
      </trkpt>
      <trkpt lat="34.231588" lon="-118.13064">
        <ele>1090.07</ele>
      </trkpt>
      <trkpt lat="34.231821" lon="-118.130474">
        <ele>1085.5</ele>
      </trkpt>
      <trkpt lat="34.231933" lon="-118.130313">
        <ele>1079.79</ele>
      </trkpt>
      <trkpt lat="34.231766" lon="-118.129953">
        <ele>1064.9</ele>
      </trkpt>
      <trkpt lat="34.231599" lon="-118.129724">
        <ele>1057.85</ele>
      </trkpt>
      <trkpt lat="34.231538" lon="-118.129805">
        <ele>1056.11</ele>
      </trkpt>
      <trkpt lat="34.231574" lon="-118.129991">
        <ele>1062.81</ele>
      </trkpt>
      <trkpt lat="34.231529" lon="-118.130021">
        <ele>1064.33</ele>
      </trkpt>
      <trkpt lat="34.231335" lon="-118.129922">
        <ele>1057.63</ele>
      </trkpt>
      <trkpt lat="34.231002" lon="-118.129986">
        <ele>1048.42</ele>
      </trkpt>
      <trkpt lat="34.230904" lon="-118.129976">
        <ele>1041.75</ele>
      </trkpt>
      <trkpt lat="34.230901" lon="-118.129897">
        <ele>1038.36</ele>
      </trkpt>
      <trkpt lat="34.231102" lon="-118.129699">
        <ele>1038.61</ele>
      </trkpt>
      <trkpt lat="34.231082" lon="-118.129578">
        <ele>1030.78</ele>
      </trkpt>
      <trkpt lat="34.231007" lon="-118.129486">
        <ele>1024.04</ele>
      </trkpt>
      <trkpt lat="34.230719" lon="-118.1296">
        <ele>1013.47</ele>
      </trkpt>
      <trkpt lat="34.230644" lon="-118.129546">
        <ele>1011.76</ele>
      </trkpt>
      <trkpt lat="34.230623" lon="-118.129501">
        <ele>1011.29</ele>
      </trkpt>
      <trkpt lat="34.230582" lon="-118.129414">
        <ele>1014.83</ele>
      </trkpt>
      <trkpt lat="34.230453" lon="-118.129446">
        <ele>1008.07</ele>
      </trkpt>
      <trkpt lat="34.23002" lon="-118.129272">
        <ele>1000.3</ele>
      </trkpt>
      <trkpt lat="34.229726" lon="-118.129159">
        <ele>999.35</ele>
      </trkpt>
      <trkpt lat="34.2296" lon="-118.129228">
        <ele>993.78</ele>
      </trkpt>
      <trkpt lat="34.229536" lon="-118.129153">
        <ele>999.24</ele>
      </trkpt>
      <trkpt lat="34.229431" lon="-118.129215">
        <ele>992.39</ele>
      </trkpt>
      <trkpt lat="34.22946" lon="-118.12891">
        <ele>996.81</ele>
      </trkpt>
      <trkpt lat="34.229397" lon="-118.12879">
        <ele>993.2</ele>
      </trkpt>
      <trkpt lat="34.229392" lon="-118.129069">
        <ele>993.84</ele>
      </trkpt>
      <trkpt lat="34.22935" lon="-118.129132">
        <ele>991.25</ele>
      </trkpt>
      <trkpt lat="34.229284" lon="-118.129129">
        <ele>985.79</ele>
      </trkpt>
      <trkpt lat="34.22917" lon="-118.129077">
        <ele>982.9</ele>
      </trkpt>
      <trkpt lat="34.229048" lon="-118.129188">
        <ele>983.39</ele>
      </trkpt>
      <trkpt lat="34.229051" lon="-118.129408">
        <ele>977.63</ele>
      </trkpt>
      <trkpt lat="34.229021" lon="-118.129503">
        <ele>976.45</ele>
      </trkpt>
      <trkpt lat="34.228927" lon="-118.129543">
        <ele>975.91</ele>
      </trkpt>
      <trkpt lat="34.228628" lon="-118.129582">
        <ele>972.59</ele>
      </trkpt>
      <trkpt lat="34.228453" lon="-118.129664">
        <ele>970.73</ele>
      </trkpt>
      <trkpt lat="34.228344" lon="-118.129851">
        <ele>967.02</ele>
      </trkpt>
      <trkpt lat="34.228304" lon="-118.130027">
        <ele>964.82</ele>
      </trkpt>
      <trkpt lat="34.228265" lon="-118.130417">
        <ele>963.66</ele>
      </trkpt>
      <trkpt lat="34.228175" lon="-118.13073">
        <ele>957.3</ele>
      </trkpt>
      <trkpt lat="34.228086" lon="-118.130892">
        <ele>953.96</ele>
      </trkpt>
      <trkpt lat="34.227807" lon="-118.131159">
        <ele>957.24</ele>
      </trkpt>
      <trkpt lat="34.227494" lon="-118.131118">
        <ele>960.33</ele>
      </trkpt>
      <trkpt lat="34.227341" lon="-118.130877">
        <ele>945.37</ele>
      </trkpt>
      <trkpt lat="34.227189" lon="-118.130636">
        <ele>939.35</ele>
      </trkpt>
      <trkpt lat="34.227021" lon="-118.130231">
        <ele>936.73</ele>
      </trkpt>
      <trkpt lat="34.227119" lon="-118.13">
        <ele>950.68</ele>
      </trkpt>
      <trkpt lat="34.227071" lon="-118.129596">
        <ele>945.48</ele>
      </trkpt>
      <trkpt lat="34.226905" lon="-118.129595">
        <ele>931.77</ele>
      </trkpt>
      <trkpt lat="34.226887" lon="-118.129347">
        <ele>932.84</ele>
      </trkpt>
      <trkpt lat="34.226811" lon="-118.129153">
        <ele>935.59</ele>
      </trkpt>
      <trkpt lat="34.226737" lon="-118.129143">
        <ele>931.34</ele>
      </trkpt>
      <trkpt lat="34.226754" lon="-118.129338">
        <ele>926.42</ele>
      </trkpt>
      <trkpt lat="34.226734" lon="-118.129524">
        <ele>926.72</ele>
      </trkpt>
      <trkpt lat="34.226657" lon="-118.129429">
        <ele>926.28</ele>
      </trkpt>
      <trkpt lat="34.22664" lon="-118.129329">
        <ele>922.72</ele>
      </trkpt>
      <trkpt lat="34.226615" lon="-118.129168">
        <ele>924.25</ele>
      </trkpt>
      <trkpt lat="34.226532" lon="-118.12912">
        <ele>922.16</ele>
      </trkpt>
      <trkpt lat="34.226256" lon="-118.129192">
        <ele>916.79</ele>
      </trkpt>
      <trkpt lat="34.226149" lon="-118.129188">
        <ele>918.99</ele>
      </trkpt>
      <trkpt lat="34.225956" lon="-118.129311">
        <ele>914.46</ele>
      </trkpt>
      <trkpt lat="34.225706" lon="-118.12928">
        <ele>903.4</ele>
      </trkpt>
      <trkpt lat="34.225505" lon="-118.129348">
        <ele>892.75</ele>
      </trkpt>
      <trkpt lat="34.225304" lon="-118.129416">
        <ele>887.46</ele>
      </trkpt>
      <trkpt lat="34.225248" lon="-118.129524">
        <ele>888.35</ele>
      </trkpt>
      <trkpt lat="34.225117" lon="-118.129645">
        <ele>878.86</ele>
      </trkpt>
      <trkpt lat="34.224944" lon="-118.129984">
        <ele>871.53</ele>
      </trkpt>
      <trkpt lat="34.224876" lon="-118.130018">
        <ele>873.04</ele>
      </trkpt>
      <trkpt lat="34.224809" lon="-118.130096">
        <ele>871.13</ele>
      </trkpt>
      <trkpt lat="34.224831" lon="-118.130176">
        <ele>866.43</ele>
      </trkpt>
      <trkpt lat="34.224832" lon="-118.130246">
        <ele>866.93</ele>
      </trkpt>
      <trkpt lat="34.224761" lon="-118.130345">
        <ele>864.96</ele>
      </trkpt>
      <trkpt lat="34.22466" lon="-118.130365">
        <ele>861.06</ele>
      </trkpt>
      <trkpt lat="34.224598" lon="-118.130362">
        <ele>859.41</ele>
      </trkpt>
      <trkpt lat="34.224388" lon="-118.130298">
        <ele>857.26</ele>
      </trkpt>
      <trkpt lat="34.224373" lon="-118.130332">
        <ele>856.31</ele>
      </trkpt>
      <trkpt lat="34.224368" lon="-118.130381">
        <ele>856.52</ele>
      </trkpt>
      <trkpt lat="34.224385" lon="-118.130415">
        <ele>856.1</ele>
      </trkpt>
      <trkpt lat="34.22449" lon="-118.130563">
        <ele>854.14</ele>
      </trkpt>
      <trkpt lat="34.224534" lon="-118.13064">
        <ele>852.47</ele>
      </trkpt>
      <trkpt lat="34.224549" lon="-118.130698">
        <ele>851.18</ele>
      </trkpt>
      <trkpt lat="34.224485" lon="-118.130777">
        <ele>852.67</ele>
      </trkpt>
      <trkpt lat="34.224471" lon="-118.130861">
        <ele>852.12</ele>
      </trkpt>
      <trkpt lat="34.224439" lon="-118.131001">
        <ele>848.59</ele>
      </trkpt>
      <trkpt lat="34.224333" lon="-118.131187">
        <ele>843.99</ele>
      </trkpt>
      <trkpt lat="34.223961" lon="-118.131346">
        <ele>842.05</ele>
      </trkpt>
      <trkpt lat="34.223877" lon="-118.131463">
        <ele>839.75</ele>
      </trkpt>
      <trkpt lat="34.223729" lon="-118.13153">
        <ele>838.84</ele>
      </trkpt>
      <trkpt lat="34.22362" lon="-118.131685">
        <ele>835.02</ele>
      </trkpt>
      <trkpt lat="34.223315" lon="-118.132071">
        <ele>827.58</ele>
      </trkpt>
      <trkpt lat="34.223191" lon="-118.132182">
        <ele>824.97</ele>
      </trkpt>
      <trkpt lat="34.223149" lon="-118.132292">
        <ele>824.18</ele>
      </trkpt>
      <trkpt lat="34.223075" lon="-118.132416">
        <ele>824.49</ele>
      </trkpt>
      <trkpt lat="34.222995" lon="-118.132467">
        <ele>824.34</ele>
      </trkpt>
      <trkpt lat="34.222937" lon="-118.132474">
        <ele>822.55</ele>
      </trkpt>
      <trkpt lat="34.222891" lon="-118.132496">
        <ele>821.39</ele>
      </trkpt>
      <trkpt lat="34.222851" lon="-118.132533">
        <ele>820.38</ele>
      </trkpt>
      <trkpt lat="34.222761" lon="-118.132593">
        <ele>820.79</ele>
      </trkpt>
      <trkpt lat="34.222584" lon="-118.132609">
        <ele>815.39</ele>
      </trkpt>
      <trkpt lat="34.2225" lon="-118.132686">
        <ele>814.74</ele>
      </trkpt>
      <trkpt lat="34.22245" lon="-118.132757">
        <ele>813.53</ele>
      </trkpt>
      <trkpt lat="34.222374" lon="-118.132815">
        <ele>813.52</ele>
      </trkpt>
      <trkpt lat="34.222282" lon="-118.132831">
        <ele>811.7</ele>
      </trkpt>
      <trkpt lat="34.222158" lon="-118.13287">
        <ele>811.09</ele>
      </trkpt>
      <trkpt lat="34.222042" lon="-118.132903">
        <ele>813.13</ele>
      </trkpt>
      <trkpt lat="34.221946" lon="-118.132893">
        <ele>811.31</ele>
      </trkpt>
      <trkpt lat="34.221901" lon="-118.132878">
        <ele>809.14</ele>
      </trkpt>
      <trkpt lat="34.221863" lon="-118.132852">
        <ele>806.71</ele>
      </trkpt>
      <trkpt lat="34.221801" lon="-118.132862">
        <ele>804.04</ele>
      </trkpt>
      <trkpt lat="34.221704" lon="-118.132957">
        <ele>803.95</ele>
      </trkpt>
      <trkpt lat="34.221688" lon="-118.132956">
        <ele>803.13</ele>
      </trkpt>
      <trkpt lat="34.221728" lon="-118.132857">
        <ele>799.62</ele>
      </trkpt>
      <trkpt lat="34.221687" lon="-118.132882">
        <ele>799.01</ele>
      </trkpt>
      <trkpt lat="34.221575" lon="-118.132904">
        <ele>794.8</ele>
      </trkpt>
      <trkpt lat="34.221502" lon="-118.132901">
        <ele>793.41</ele>
      </trkpt>
      <trkpt lat="34.221407" lon="-118.132767">
        <ele>783.66</ele>
      </trkpt>
      <trkpt lat="34.221309" lon="-118.132731">
        <ele>780.92</ele>
      </trkpt>
      <trkpt lat="34.221054" lon="-118.132848">
        <ele>774</ele>
      </trkpt>
      <trkpt lat="34.22094" lon="-118.132961">
        <ele>769.6</ele>
      </trkpt>
      <trkpt lat="34.220843" lon="-118.133038">
        <ele>766.65</ele>
      </trkpt>
      <trkpt lat="34.220539" lon="-118.133037">
        <ele>760.63</ele>
      </trkpt>
      <trkpt lat="34.220376" lon="-118.133128">
        <ele>761.25</ele>
      </trkpt>
      <trkpt lat="34.22013" lon="-118.13315">
        <ele>760.07</ele>
      </trkpt>
      <trkpt lat="34.220061" lon="-118.133118">
        <ele>755.5</ele>
      </trkpt>
      <trkpt lat="34.219964" lon="-118.133232">
        <ele>754.27</ele>
      </trkpt>
      <trkpt lat="34.219915" lon="-118.133213">
        <ele>752.83</ele>
      </trkpt>
      <trkpt lat="34.219865" lon="-118.133248">
        <ele>751.09</ele>
      </trkpt>
      <trkpt lat="34.219804" lon="-118.133215">
        <ele>751.97</ele>
      </trkpt>
      <trkpt lat="34.219757" lon="-118.13321">
        <ele>752.57</ele>
      </trkpt>
      <trkpt lat="34.219704" lon="-118.133289">
        <ele>750.36</ele>
      </trkpt>
      <trkpt lat="34.219616" lon="-118.133422">
        <ele>750.19</ele>
      </trkpt>
      <trkpt lat="34.219572" lon="-118.13361">
        <ele>746.21</ele>
      </trkpt>
      <trkpt lat="34.219539" lon="-118.133723">
        <ele>745.28</ele>
      </trkpt>
      <trkpt lat="34.219455" lon="-118.133857">
        <ele>743.37</ele>
      </trkpt>
      <trkpt lat="34.219345" lon="-118.133966">
        <ele>744.39</ele>
      </trkpt>
      <trkpt lat="34.219317" lon="-118.134068">
        <ele>741.92</ele>
      </trkpt>
      <trkpt lat="34.219165" lon="-118.134225">
        <ele>738.19</ele>
      </trkpt>
      <trkpt lat="34.219204" lon="-118.13442">
        <ele>735.09</ele>
      </trkpt>
      <trkpt lat="34.219241" lon="-118.13448">
        <ele>734.52</ele>
      </trkpt>
      <trkpt lat="34.219286" lon="-118.134501">
        <ele>735</ele>
      </trkpt>
      <trkpt lat="34.219438" lon="-118.134487">
        <ele>732.59</ele>
      </trkpt>
      <trkpt lat="34.219638" lon="-118.134546">
        <ele>733.69</ele>
      </trkpt>
      <trkpt lat="34.219716" lon="-118.134532">
        <ele>732.19</ele>
      </trkpt>
      <trkpt lat="34.219774" lon="-118.13455">
        <ele>731.63</ele>
      </trkpt>
      <trkpt lat="34.219933" lon="-118.134684">
        <ele>729.62</ele>
      </trkpt>
      <trkpt lat="34.220042" lon="-118.134847">
        <ele>728.32</ele>
      </trkpt>
      <trkpt lat="34.220138" lon="-118.135025">
        <ele>724.48</ele>
      </trkpt>
      <trkpt lat="34.220125" lon="-118.135151">
        <ele>724.37</ele>
      </trkpt>
      <trkpt lat="34.220081" lon="-118.13531">
        <ele>724.24</ele>
      </trkpt>
      <trkpt lat="34.220013" lon="-118.135388">
        <ele>724.73</ele>
      </trkpt>
      <trkpt lat="34.21983" lon="-118.135514">
        <ele>721.75</ele>
      </trkpt>
      <trkpt lat="34.219756" lon="-118.135535">
        <ele>722.52</ele>
      </trkpt>
      <trkpt lat="34.219489" lon="-118.135565">
        <ele>719.55</ele>
      </trkpt>
      <trkpt lat="34.219418" lon="-118.135653">
        <ele>716.5</ele>
      </trkpt>
      <trkpt lat="34.219423" lon="-118.135739">
        <ele>715.48</ele>
      </trkpt>
      <trkpt lat="34.219419" lon="-118.135812">
        <ele>715.56</ele>
      </trkpt>
      <trkpt lat="34.21943" lon="-118.135933">
        <ele>721.02</ele>
      </trkpt>
      <trkpt lat="34.21945" lon="-118.136044">
        <ele>727.26</ele>
      </trkpt>
      <trkpt lat="34.21949" lon="-118.136126">
        <ele>729.88</ele>
      </trkpt>
      <trkpt lat="34.21966" lon="-118.13627">
        <ele>718.36</ele>
      </trkpt>
      <trkpt lat="34.219683" lon="-118.136273">
        <ele>716.31</ele>
      </trkpt>
      <trkpt lat="34.219717" lon="-118.136313">
        <ele>714.41</ele>
      </trkpt>
      <trkpt lat="34.219748" lon="-118.136418">
        <ele>713.79</ele>
      </trkpt>
      <trkpt lat="34.219781" lon="-118.136447">
        <ele>711.82</ele>
      </trkpt>
      <trkpt lat="34.21982" lon="-118.136553">
        <ele>709.21</ele>
      </trkpt>
      <trkpt lat="34.219846" lon="-118.136653">
        <ele>707.43</ele>
      </trkpt>
      <trkpt lat="34.219885" lon="-118.136689">
        <ele>705.74</ele>
      </trkpt>
      <trkpt lat="34.219927" lon="-118.136818">
        <ele>709.67</ele>
      </trkpt>
      <trkpt lat="34.219964" lon="-118.136885">
        <ele>711.17</ele>
      </trkpt>
      <trkpt lat="34.220043" lon="-118.136936">
        <ele>711.28</ele>
      </trkpt>
      <trkpt lat="34.220108" lon="-118.136959">
        <ele>706.95</ele>
      </trkpt>
      <trkpt lat="34.22012" lon="-118.137107">
        <ele>708.38</ele>
      </trkpt>
      <trkpt lat="34.220169" lon="-118.137186">
        <ele>703.46</ele>
      </trkpt>
      <trkpt lat="34.220241" lon="-118.137338">
        <ele>699.17</ele>
      </trkpt>
      <trkpt lat="34.22024" lon="-118.137407">
        <ele>698.25</ele>
      </trkpt>
      <trkpt lat="34.220289" lon="-118.137515">
        <ele>698.71</ele>
      </trkpt>
      <trkpt lat="34.220339" lon="-118.137584">
        <ele>700.94</ele>
      </trkpt>
      <trkpt lat="34.220237" lon="-118.137694">
        <ele>700.07</ele>
      </trkpt>
      <trkpt lat="34.22015" lon="-118.137726">
        <ele>697</ele>
      </trkpt>
      <trkpt lat="34.22014" lon="-118.137765">
        <ele>698.79</ele>
      </trkpt>
      <trkpt lat="34.220106" lon="-118.13781">
        <ele>699.58</ele>
      </trkpt>
      <trkpt lat="34.220051" lon="-118.137873">
        <ele>698.6</ele>
      </trkpt>
      <trkpt lat="34.219983" lon="-118.137908">
        <ele>695.13</ele>
      </trkpt>
      <trkpt lat="34.219848" lon="-118.138044">
        <ele>690.22</ele>
      </trkpt>
      <trkpt lat="34.219802" lon="-118.138131">
        <ele>689.27</ele>
      </trkpt>
      <trkpt lat="34.219865" lon="-118.13823">
        <ele>687.23</ele>
      </trkpt>
      <trkpt lat="34.22009" lon="-118.138343">
        <ele>686.87</ele>
      </trkpt>
      <trkpt lat="34.220159" lon="-118.138439">
        <ele>684.85</ele>
      </trkpt>
      <trkpt lat="34.220149" lon="-118.138494">
        <ele>685.03</ele>
      </trkpt>
      <trkpt lat="34.220169" lon="-118.138622">
        <ele>683.72</ele>
      </trkpt>
      <trkpt lat="34.220197" lon="-118.138669">
        <ele>682.43</ele>
      </trkpt>
      <trkpt lat="34.220136" lon="-118.138753">
        <ele>680.33</ele>
      </trkpt>
      <trkpt lat="34.220073" lon="-118.138761">
        <ele>680.52</ele>
      </trkpt>
      <trkpt lat="34.220016" lon="-118.138807">
        <ele>679.88</ele>
      </trkpt>
      <trkpt lat="34.21999" lon="-118.138857">
        <ele>678.78</ele>
      </trkpt>
      <trkpt lat="34.219922" lon="-118.139027">
        <ele>680.61</ele>
      </trkpt>
      <trkpt lat="34.219851" lon="-118.139058">
        <ele>679.66</ele>
      </trkpt>
      <trkpt lat="34.219785" lon="-118.139087">
        <ele>678.78</ele>
      </trkpt>
      <trkpt lat="34.219654" lon="-118.139116">
        <ele>674.43</ele>
      </trkpt>
      <trkpt lat="34.219612" lon="-118.139121">
        <ele>672.59</ele>
      </trkpt>
      <trkpt lat="34.219535" lon="-118.139146">
        <ele>673.61</ele>
      </trkpt>
      <trkpt lat="34.219473" lon="-118.13927">
        <ele>678.71</ele>
      </trkpt>
      <trkpt lat="34.219503" lon="-118.139422">
        <ele>675.34</ele>
      </trkpt>
      <trkpt lat="34.219569" lon="-118.139549">
        <ele>668.28</ele>
      </trkpt>
      <trkpt lat="34.219532" lon="-118.139636">
        <ele>669.83</ele>
      </trkpt>
      <trkpt lat="34.219531" lon="-118.139703">
        <ele>669.13</ele>
      </trkpt>
      <trkpt lat="34.219486" lon="-118.139758">
        <ele>669.78</ele>
      </trkpt>
      <trkpt lat="34.219445" lon="-118.139773">
        <ele>670.48</ele>
      </trkpt>
      <trkpt lat="34.219371" lon="-118.139844">
        <ele>673.5</ele>
      </trkpt>
      <trkpt lat="34.219279" lon="-118.14001">
        <ele>674.7</ele>
      </trkpt>
      <trkpt lat="34.219256" lon="-118.140064">
        <ele>673.47</ele>
      </trkpt>
      <trkpt lat="34.219155" lon="-118.140145">
        <ele>675.69</ele>
      </trkpt>
      <trkpt lat="34.218934" lon="-118.140192">
        <ele>682.37</ele>
      </trkpt>
      <trkpt lat="34.218891" lon="-118.140187">
        <ele>683.74</ele>
      </trkpt>
      <trkpt lat="34.218865" lon="-118.140209">
        <ele>685.42</ele>
      </trkpt>
      <trkpt lat="34.218849" lon="-118.140252">
        <ele>688</ele>
      </trkpt>
      <trkpt lat="34.218858" lon="-118.14029">
        <ele>688.4</ele>
      </trkpt>
      <trkpt lat="34.2189" lon="-118.140357">
        <ele>687.11</ele>
      </trkpt>
      <trkpt lat="34.218936" lon="-118.14045">
        <ele>686.66</ele>
      </trkpt>
      <trkpt lat="34.218956" lon="-118.140524">
        <ele>687.9</ele>
      </trkpt>
      <trkpt lat="34.218987" lon="-118.140604">
        <ele>689.35</ele>
      </trkpt>
      <trkpt lat="34.219" lon="-118.140679">
        <ele>692.58</ele>
      </trkpt>
      <trkpt lat="34.219115" lon="-118.140838">
        <ele>691.32</ele>
      </trkpt>
      <trkpt lat="34.219221" lon="-118.140907">
        <ele>679.84</ele>
      </trkpt>
      <trkpt lat="34.219233" lon="-118.140941">
        <ele>678.27</ele>
      </trkpt>
      <trkpt lat="34.219229" lon="-118.140975">
        <ele>677.77</ele>
      </trkpt>
      <trkpt lat="34.219186" lon="-118.141019">
        <ele>677.41</ele>
      </trkpt>
      <trkpt lat="34.219121" lon="-118.141027">
        <ele>682.4</ele>
      </trkpt>
      <trkpt lat="34.21904" lon="-118.141088">
        <ele>687.11</ele>
      </trkpt>
      <trkpt lat="34.218958" lon="-118.141283">
        <ele>680.01</ele>
      </trkpt>
      <trkpt lat="34.218922" lon="-118.14138">
        <ele>674.6</ele>
      </trkpt>
      <trkpt lat="34.218833" lon="-118.141404">
        <ele>673.72</ele>
      </trkpt>
      <trkpt lat="34.218767" lon="-118.14139">
        <ele>673.68</ele>
      </trkpt>
      <trkpt lat="34.218648" lon="-118.141333">
        <ele>678.72</ele>
      </trkpt>
      <trkpt lat="34.218596" lon="-118.141329">
        <ele>679.72</ele>
      </trkpt>
      <trkpt lat="34.218513" lon="-118.141411">
        <ele>674.18</ele>
      </trkpt>
      <trkpt lat="34.218415" lon="-118.141465">
        <ele>669.02</ele>
      </trkpt>
      <trkpt lat="34.218351" lon="-118.141465">
        <ele>669.22</ele>
      </trkpt>
      <trkpt lat="34.218118" lon="-118.141369">
        <ele>680.23</ele>
      </trkpt>
      <trkpt lat="34.218087" lon="-118.141382">
        <ele>681.15</ele>
      </trkpt>
      <trkpt lat="34.217993" lon="-118.141515">
        <ele>675.8</ele>
      </trkpt>
      <trkpt lat="34.217885" lon="-118.14153">
        <ele>679.57</ele>
      </trkpt>
      <trkpt lat="34.217849" lon="-118.141581">
        <ele>678.17</ele>
      </trkpt>
      <trkpt lat="34.21759" lon="-118.141757">
        <ele>682.55</ele>
      </trkpt>
      <trkpt lat="34.217556" lon="-118.141898">
        <ele>684.71</ele>
      </trkpt>
      <trkpt lat="34.217544" lon="-118.142023">
        <ele>685.77</ele>
      </trkpt>
      <trkpt lat="34.217569" lon="-118.142236">
        <ele>685.11</ele>
      </trkpt>
      <trkpt lat="34.217626" lon="-118.142353">
        <ele>683.98</ele>
      </trkpt>
      <trkpt lat="34.217646" lon="-118.142465">
        <ele>686.6</ele>
      </trkpt>
      <trkpt lat="34.217722" lon="-118.142621">
        <ele>686.78</ele>
      </trkpt>
      <trkpt lat="34.217824" lon="-118.142792">
        <ele>686.62</ele>
      </trkpt>
      <trkpt lat="34.217843" lon="-118.142841">
        <ele>688.26</ele>
      </trkpt>
      <trkpt lat="34.217883" lon="-118.142884">
        <ele>688.81</ele>
      </trkpt>
      <trkpt lat="34.217922" lon="-118.142912">
        <ele>686</ele>
      </trkpt>
      <trkpt lat="34.217957" lon="-118.142968">
        <ele>685.46</ele>
      </trkpt>
      <trkpt lat="34.217983" lon="-118.143049">
        <ele>688.29</ele>
      </trkpt>
      <trkpt lat="34.21803" lon="-118.14311">
        <ele>687.24</ele>
      </trkpt>
      <trkpt lat="34.218218" lon="-118.143277">
        <ele>683.31</ele>
      </trkpt>
      <trkpt lat="34.218336" lon="-118.14336">
        <ele>677.2</ele>
      </trkpt>
      <trkpt lat="34.218344" lon="-118.143396">
        <ele>676.85</ele>
      </trkpt>
      <trkpt lat="34.218279" lon="-118.143541">
        <ele>676.92</ele>
      </trkpt>
      <trkpt lat="34.218235" lon="-118.143692">
        <ele>672.38</ele>
      </trkpt>
      <trkpt lat="34.218188" lon="-118.143762">
        <ele>670.89</ele>
      </trkpt>
      <trkpt lat="34.218138" lon="-118.143776">
        <ele>669.78</ele>
      </trkpt>
      <trkpt lat="34.218026" lon="-118.143633">
        <ele>669.96</ele>
      </trkpt>
      <trkpt lat="34.217833" lon="-118.143462">
        <ele>670.87</ele>
      </trkpt>
      <trkpt lat="34.217766" lon="-118.143433">
        <ele>670.35</ele>
      </trkpt>
      <trkpt lat="34.217636" lon="-118.143349">
        <ele>669.37</ele>
      </trkpt>
      <trkpt lat="34.21747" lon="-118.143153">
        <ele>670.79</ele>
      </trkpt>
      <trkpt lat="34.217407" lon="-118.143112">
        <ele>671.16</ele>
      </trkpt>
      <trkpt lat="34.217354" lon="-118.143098">
        <ele>670.52</ele>
      </trkpt>
      <trkpt lat="34.217274" lon="-118.143066">
        <ele>671.13</ele>
      </trkpt>
      <trkpt lat="34.217003" lon="-118.14304">
        <ele>670.26</ele>
      </trkpt>
      <trkpt lat="34.216853" lon="-118.143015">
        <ele>671.79</ele>
      </trkpt>
      <trkpt lat="34.216788" lon="-118.143036">
        <ele>672.43</ele>
      </trkpt>
      <trkpt lat="34.216725" lon="-118.143081">
        <ele>672.23</ele>
      </trkpt>
      <trkpt lat="34.216596" lon="-118.143192">
        <ele>673</ele>
      </trkpt>
      <trkpt lat="34.216568" lon="-118.143339">
        <ele>669.68</ele>
      </trkpt>
      <trkpt lat="34.216524" lon="-118.143377">
        <ele>669.79</ele>
      </trkpt>
      <trkpt lat="34.216451" lon="-118.143427">
        <ele>670.04</ele>
      </trkpt>
      <trkpt lat="34.216325" lon="-118.143491">
        <ele>669.22</ele>
      </trkpt>
      <trkpt lat="34.216226" lon="-118.143515">
        <ele>667.13</ele>
      </trkpt>
      <trkpt lat="34.216175" lon="-118.143494">
        <ele>667.4</ele>
      </trkpt>
      <trkpt lat="34.216037" lon="-118.143337">
        <ele>671.99</ele>
      </trkpt>
      <trkpt lat="34.215958" lon="-118.143262">
        <ele>670.72</ele>
      </trkpt>
      <trkpt lat="34.215867" lon="-118.143201">
        <ele>670.96</ele>
      </trkpt>
      <trkpt lat="34.215768" lon="-118.143183">
        <ele>670.89</ele>
      </trkpt>
      <trkpt lat="34.215648" lon="-118.143194">
        <ele>671.09</ele>
      </trkpt>
      <trkpt lat="34.215415" lon="-118.143245">
        <ele>667.94</ele>
      </trkpt>
      <trkpt lat="34.215039" lon="-118.143421">
        <ele>667.15</ele>
      </trkpt>
      <trkpt lat="34.214966" lon="-118.143519">
        <ele>666.12</ele>
      </trkpt>
      <trkpt lat="34.214839" lon="-118.143606">
        <ele>664.29</ele>
      </trkpt>
      <trkpt lat="34.214702" lon="-118.143675">
        <ele>663.04</ele>
      </trkpt>
      <trkpt lat="34.214648" lon="-118.143737">
        <ele>662.54</ele>
      </trkpt>
      <trkpt lat="34.214601" lon="-118.14384">
        <ele>659.73</ele>
      </trkpt>
      <trkpt lat="34.214503" lon="-118.14401">
        <ele>656.51</ele>
      </trkpt>
      <trkpt lat="34.214453" lon="-118.144146">
        <ele>653.97</ele>
      </trkpt>
      <trkpt lat="34.214437" lon="-118.144225">
        <ele>651.94</ele>
      </trkpt>
      <trkpt lat="34.214423" lon="-118.144357">
        <ele>650.55</ele>
      </trkpt>
      <trkpt lat="34.214406" lon="-118.1446">
        <ele>652.72</ele>
      </trkpt>
      <trkpt lat="34.214428" lon="-118.144728">
        <ele>655.74</ele>
      </trkpt>
      <trkpt lat="34.214602" lon="-118.145082">
        <ele>654.23</ele>
      </trkpt>
      <trkpt lat="34.214655" lon="-118.14523">
        <ele>653.36</ele>
      </trkpt>
      <trkpt lat="34.214657" lon="-118.145312">
        <ele>652.69</ele>
      </trkpt>
      <trkpt lat="34.214625" lon="-118.145491">
        <ele>652.05</ele>
      </trkpt>
      <trkpt lat="34.214615" lon="-118.145622">
        <ele>652.57</ele>
      </trkpt>
      <trkpt lat="34.214607" lon="-118.145812">
        <ele>652.85</ele>
      </trkpt>
      <trkpt lat="34.214609" lon="-118.146138">
        <ele>651.89</ele>
      </trkpt>
      <trkpt lat="34.214595" lon="-118.146224">
        <ele>651.74</ele>
      </trkpt>
      <trkpt lat="34.214604" lon="-118.146314">
        <ele>651.01</ele>
      </trkpt>
      <trkpt lat="34.214636" lon="-118.146419">
        <ele>649.42</ele>
      </trkpt>
      <trkpt lat="34.214698" lon="-118.146575">
        <ele>646.97</ele>
      </trkpt>
      <trkpt lat="34.214706" lon="-118.146636">
        <ele>646.16</ele>
      </trkpt>
      <trkpt lat="34.214695" lon="-118.146704">
        <ele>645.09</ele>
      </trkpt>
      <trkpt lat="34.214617" lon="-118.146882">
        <ele>642.04</ele>
      </trkpt>
      <trkpt lat="34.214604" lon="-118.14695">
        <ele>641.99</ele>
      </trkpt>
      <trkpt lat="34.214602" lon="-118.147017">
        <ele>642.01</ele>
      </trkpt>
      <trkpt lat="34.214621" lon="-118.147079">
        <ele>642.01</ele>
      </trkpt>
      <trkpt lat="34.214668" lon="-118.147182">
        <ele>641.16</ele>
      </trkpt>
      <trkpt lat="34.214722" lon="-118.147345">
        <ele>639.78</ele>
      </trkpt>
      <trkpt lat="34.214767" lon="-118.147547">
        <ele>637.3</ele>
      </trkpt>
      <trkpt lat="34.21477" lon="-118.14762">
        <ele>636.85</ele>
      </trkpt>
      <trkpt lat="34.214789" lon="-118.147718">
        <ele>635.97</ele>
      </trkpt>
      <trkpt lat="34.214837" lon="-118.147885">
        <ele>634.15</ele>
      </trkpt>
      <trkpt lat="34.214884" lon="-118.147919">
        <ele>633.56</ele>
      </trkpt>
      <trkpt lat="34.214948" lon="-118.148004">
        <ele>632.77</ele>
      </trkpt>
      <trkpt lat="34.215025" lon="-118.148128">
        <ele>631.59</ele>
      </trkpt>
      <trkpt lat="34.215107" lon="-118.148414">
        <ele>628.89</ele>
      </trkpt>
      <trkpt lat="34.215293" lon="-118.148721">
        <ele>623.13</ele>
      </trkpt>
      <trkpt lat="34.215311" lon="-118.14883">
        <ele>621.61</ele>
      </trkpt>
      <trkpt lat="34.21532" lon="-118.148942">
        <ele>620.88</ele>
      </trkpt>
      <trkpt lat="34.215356" lon="-118.149042">
        <ele>619.65</ele>
      </trkpt>
      <trkpt lat="34.21541" lon="-118.149119">
        <ele>618.27</ele>
      </trkpt>
      <trkpt lat="34.215488" lon="-118.149189">
        <ele>616.18</ele>
      </trkpt>
      <trkpt lat="34.215578" lon="-118.149306">
        <ele>614.55</ele>
      </trkpt>
      <trkpt lat="34.215677" lon="-118.149537">
        <ele>613.27</ele>
      </trkpt>
      <trkpt lat="34.215737" lon="-118.149637">
        <ele>611.39</ele>
      </trkpt>
      <trkpt lat="34.21597" lon="-118.149892">
        <ele>606.6</ele>
      </trkpt>
      <trkpt lat="34.216004" lon="-118.149955">
        <ele>606.22</ele>
      </trkpt>
      <trkpt lat="34.21603" lon="-118.150033">
        <ele>605.24</ele>
      </trkpt>
      <trkpt lat="34.216041" lon="-118.150101">
        <ele>604.47</ele>
      </trkpt>
      <trkpt lat="34.216029" lon="-118.150198">
        <ele>603.34</ele>
      </trkpt>
      <trkpt lat="34.215975" lon="-118.150457">
        <ele>600.04</ele>
      </trkpt>
      <trkpt lat="34.21598" lon="-118.150508">
        <ele>599.76</ele>
      </trkpt>
      <trkpt lat="34.215997" lon="-118.150556">
        <ele>599.36</ele>
      </trkpt>
      <trkpt lat="34.216056" lon="-118.150593">
        <ele>598.6</ele>
      </trkpt>
      <trkpt lat="34.216138" lon="-118.150619">
        <ele>597.45</ele>
      </trkpt>
      <trkpt lat="34.216231" lon="-118.150595">
        <ele>596.29</ele>
      </trkpt>
      <trkpt lat="34.216319" lon="-118.150525">
        <ele>595.43</ele>
      </trkpt>
      <trkpt lat="34.216394" lon="-118.15037">
        <ele>594.81</ele>
      </trkpt>
      <trkpt lat="34.21642" lon="-118.150251">
        <ele>594.44</ele>
      </trkpt>
      <trkpt lat="34.216407" lon="-118.150147">
        <ele>594.62</ele>
      </trkpt>
      <trkpt lat="34.216348" lon="-118.150007">
        <ele>594.08</ele>
      </trkpt>
      <trkpt lat="34.216223" lon="-118.149822">
        <ele>596.02</ele>
      </trkpt>
      <trkpt lat="34.2161" lon="-118.149597">
        <ele>595.32</ele>
      </trkpt>
      <trkpt lat="34.215981" lon="-118.149412">
        <ele>594.04</ele>
      </trkpt>
      <trkpt lat="34.215899" lon="-118.149202">
        <ele>591.54</ele>
      </trkpt>
      <trkpt lat="34.215848" lon="-118.148981">
        <ele>590.15</ele>
      </trkpt>
      <trkpt lat="34.215825" lon="-118.14876">
        <ele>587.5</ele>
      </trkpt>
      <trkpt lat="34.215803" lon="-118.148035">
        <ele>587.52</ele>
      </trkpt>
      <trkpt lat="34.215793" lon="-118.147672">
        <ele>582.42</ele>
      </trkpt>
      <trkpt lat="34.215816" lon="-118.147348">
        <ele>584.65</ele>
      </trkpt>
      <trkpt lat="34.215862" lon="-118.146701">
        <ele>578.1</ele>
      </trkpt>
      <trkpt lat="34.215909" lon="-118.146053">
        <ele>569.21</ele>
      </trkpt>
      <trkpt lat="34.215969" lon="-118.145874">
        <ele>566.85</ele>
      </trkpt>
      <trkpt lat="34.216042" lon="-118.145742">
        <ele>565.29</ele>
      </trkpt>
      <trkpt lat="34.216121" lon="-118.145687">
        <ele>562.76</ele>
      </trkpt>
      <trkpt lat="34.216215" lon="-118.145638">
        <ele>560.08</ele>
      </trkpt>
      <trkpt lat="34.216268" lon="-118.145635">
        <ele>559.02</ele>
      </trkpt>
      <trkpt lat="34.216324" lon="-118.145661">
        <ele>557.55</ele>
      </trkpt>
      <trkpt lat="34.216331" lon="-118.145711">
        <ele>556.93</ele>
      </trkpt>
      <trkpt lat="34.216324" lon="-118.145768">
        <ele>556.37</ele>
      </trkpt>
      <trkpt lat="34.216225" lon="-118.146045">
        <ele>554.61</ele>
      </trkpt>
      <trkpt lat="34.216188" lon="-118.146348">
        <ele>553.61</ele>
      </trkpt>
      <trkpt lat="34.216178" lon="-118.146603">
        <ele>552.83</ele>
      </trkpt>
      <trkpt lat="34.21618" lon="-118.146825">
        <ele>553.44</ele>
      </trkpt>
      <trkpt lat="34.216213" lon="-118.147034">
        <ele>552.35</ele>
      </trkpt>
      <trkpt lat="34.216222" lon="-118.147373">
        <ele>551.85</ele>
      </trkpt>
      <trkpt lat="34.21628" lon="-118.147546">
        <ele>548.07</ele>
      </trkpt>
      <trkpt lat="34.216282" lon="-118.147783">
        <ele>545.46</ele>
      </trkpt>
      <trkpt lat="34.216311" lon="-118.148135">
        <ele>542.48</ele>
      </trkpt>
      <trkpt lat="34.216542" lon="-118.148387">
        <ele>539.68</ele>
      </trkpt>
      <trkpt lat="34.216593" lon="-118.148421">
        <ele>539.65</ele>
      </trkpt>
      <trkpt lat="34.216679" lon="-118.148478">
        <ele>543.79</ele>
      </trkpt>
      <trkpt lat="34.216852" lon="-118.148897">
        <ele>538.02</ele>
      </trkpt>
      <trkpt lat="34.216985" lon="-118.149095">
        <ele>535.64</ele>
      </trkpt>
      <trkpt lat="34.21699" lon="-118.149148">
        <ele>535.25</ele>
      </trkpt>
      <trkpt lat="34.217053" lon="-118.149235">
        <ele>534.23</ele>
      </trkpt>
      <trkpt lat="34.217276" lon="-118.149306">
        <ele>533.69</ele>
      </trkpt>
      <trkpt lat="34.217417" lon="-118.149409">
        <ele>532.3</ele>
      </trkpt>
      <trkpt lat="34.217436" lon="-118.149485">
        <ele>531.65</ele>
      </trkpt>
      <trkpt lat="34.217432" lon="-118.149546">
        <ele>531.26</ele>
      </trkpt>
      <trkpt lat="34.217436" lon="-118.149485">
        <ele>531.65</ele>
      </trkpt>
      <trkpt lat="34.217417" lon="-118.149409">
        <ele>532.3</ele>
      </trkpt>
      <trkpt lat="34.217276" lon="-118.149306">
        <ele>533.69</ele>
      </trkpt>
      <trkpt lat="34.217053" lon="-118.149235">
        <ele>534.23</ele>
      </trkpt>
      <trkpt lat="34.21699" lon="-118.149148">
        <ele>535.25</ele>
      </trkpt>
      <trkpt lat="34.216985" lon="-118.149095">
        <ele>535.64</ele>
      </trkpt>
      <trkpt lat="34.216852" lon="-118.148897">
        <ele>538.02</ele>
      </trkpt>
      <trkpt lat="34.216679" lon="-118.148478">
        <ele>543.79</ele>
      </trkpt>
      <trkpt lat="34.216593" lon="-118.148421">
        <ele>539.65</ele>
      </trkpt>
      <trkpt lat="34.216542" lon="-118.148387">
        <ele>539.68</ele>
      </trkpt>
      <trkpt lat="34.216311" lon="-118.148135">
        <ele>542.48</ele>
      </trkpt>
      <trkpt lat="34.216282" lon="-118.147783">
        <ele>545.46</ele>
      </trkpt>
      <trkpt lat="34.21628" lon="-118.147546">
        <ele>548.07</ele>
      </trkpt>
      <trkpt lat="34.216222" lon="-118.147373">
        <ele>551.85</ele>
      </trkpt>
      <trkpt lat="34.216213" lon="-118.147034">
        <ele>552.35</ele>
      </trkpt>
      <trkpt lat="34.21618" lon="-118.146825">
        <ele>553.44</ele>
      </trkpt>
      <trkpt lat="34.216178" lon="-118.146603">
        <ele>552.83</ele>
      </trkpt>
      <trkpt lat="34.216188" lon="-118.146348">
        <ele>553.61</ele>
      </trkpt>
      <trkpt lat="34.216225" lon="-118.146045">
        <ele>554.61</ele>
      </trkpt>
      <trkpt lat="34.216324" lon="-118.145768">
        <ele>556.37</ele>
      </trkpt>
      <trkpt lat="34.216331" lon="-118.145711">
        <ele>556.93</ele>
      </trkpt>
      <trkpt lat="34.216324" lon="-118.145661">
        <ele>557.55</ele>
      </trkpt>
      <trkpt lat="34.216371" lon="-118.145582">
        <ele>558.52</ele>
      </trkpt>
      <trkpt lat="34.216821" lon="-118.145423">
        <ele>559.4</ele>
      </trkpt>
      <trkpt lat="34.216965" lon="-118.14534">
        <ele>560.49</ele>
      </trkpt>
      <trkpt lat="34.217185" lon="-118.14519">
        <ele>562.5</ele>
      </trkpt>
      <trkpt lat="34.217299" lon="-118.145174">
        <ele>561.89</ele>
      </trkpt>
      <trkpt lat="34.217375" lon="-118.14524">
        <ele>562.11</ele>
      </trkpt>
      <trkpt lat="34.217473" lon="-118.145398">
        <ele>562.61</ele>
      </trkpt>
      <trkpt lat="34.217588" lon="-118.145617">
        <ele>564.1</ele>
      </trkpt>
      <trkpt lat="34.217696" lon="-118.145764">
        <ele>567.05</ele>
      </trkpt>
      <trkpt lat="34.217786" lon="-118.146088">
        <ele>568.77</ele>
      </trkpt>
      <trkpt lat="34.217817" lon="-118.146153">
        <ele>569.21</ele>
      </trkpt>
      <trkpt lat="34.217937" lon="-118.14633">
        <ele>570.44</ele>
      </trkpt>
      <trkpt lat="34.218014" lon="-118.146469">
        <ele>570.99</ele>
      </trkpt>
      <trkpt lat="34.218007" lon="-118.146557">
        <ele>572.33</ele>
      </trkpt>
      <trkpt lat="34.217968" lon="-118.146606">
        <ele>573.77</ele>
      </trkpt>
      <trkpt lat="34.217915" lon="-118.146637">
        <ele>575.19</ele>
      </trkpt>
      <trkpt lat="34.217828" lon="-118.146631">
        <ele>576.5</ele>
      </trkpt>
      <trkpt lat="34.217656" lon="-118.1466">
        <ele>579.69</ele>
      </trkpt>
      <trkpt lat="34.217467" lon="-118.146539">
        <ele>584.29</ele>
      </trkpt>
      <trkpt lat="34.217356" lon="-118.146484">
        <ele>582.15</ele>
      </trkpt>
      <trkpt lat="34.217253" lon="-118.146524">
        <ele>582.07</ele>
      </trkpt>
      <trkpt lat="34.21721" lon="-118.146629">
        <ele>582.6</ele>
      </trkpt>
      <trkpt lat="34.217186" lon="-118.146891">
        <ele>582.74</ele>
      </trkpt>
      <trkpt lat="34.217179" lon="-118.147277">
        <ele>583.48</ele>
      </trkpt>
      <trkpt lat="34.2172" lon="-118.147612">
        <ele>583.76</ele>
      </trkpt>
      <trkpt lat="34.217335" lon="-118.147861">
        <ele>587.93</ele>
      </trkpt>
      <trkpt lat="34.217363" lon="-118.148024">
        <ele>589.5</ele>
      </trkpt>
      <trkpt lat="34.217441" lon="-118.148187">
        <ele>592.61</ele>
      </trkpt>
      <trkpt lat="34.217569" lon="-118.148298">
        <ele>591.57</ele>
      </trkpt>
      <trkpt lat="34.217746" lon="-118.148376">
        <ele>592.67</ele>
      </trkpt>
      <trkpt lat="34.217853" lon="-118.148625">
        <ele>596.28</ele>
      </trkpt>
      <trkpt lat="34.217966" lon="-118.148762">
        <ele>597.78</ele>
      </trkpt>
      <trkpt lat="34.218115" lon="-118.148882">
        <ele>599.32</ele>
      </trkpt>
      <trkpt lat="34.218236" lon="-118.149148">
        <ele>599.08</ele>
      </trkpt>
      <trkpt lat="34.218307" lon="-118.149234">
        <ele>598.59</ele>
      </trkpt>
      <trkpt lat="34.21847" lon="-118.149268">
        <ele>597.43</ele>
      </trkpt>
      <trkpt lat="34.21857" lon="-118.14938">
        <ele>600.31</ele>
      </trkpt>
      <trkpt lat="34.218641" lon="-118.149534">
        <ele>602.99</ele>
      </trkpt>
      <trkpt lat="34.218739" lon="-118.1496">
        <ele>604.7</ele>
      </trkpt>
      <trkpt lat="34.218994" lon="-118.149586">
        <ele>607.43</ele>
      </trkpt>
      <trkpt lat="34.219125" lon="-118.149687">
        <ele>607.03</ele>
      </trkpt>
      <trkpt lat="34.219186" lon="-118.149832">
        <ele>609.04</ele>
      </trkpt>
      <trkpt lat="34.219212" lon="-118.150058">
        <ele>610.07</ele>
      </trkpt>
      <trkpt lat="34.219194" lon="-118.150212">
        <ele>611.62</ele>
      </trkpt>
      <trkpt lat="34.219123" lon="-118.150376">
        <ele>613.7</ele>
      </trkpt>
      <trkpt lat="34.219045" lon="-118.150513">
        <ele>614.03</ele>
      </trkpt>
      <trkpt lat="34.219045" lon="-118.150564">
        <ele>613.67</ele>
      </trkpt>
      <trkpt lat="34.219095" lon="-118.150642">
        <ele>612.7</ele>
      </trkpt>
      <trkpt lat="34.219166" lon="-118.15065">
        <ele>612.95</ele>
      </trkpt>
      <trkpt lat="34.219232" lon="-118.150647">
        <ele>614.47</ele>
      </trkpt>
      <trkpt lat="34.219308" lon="-118.150686">
        <ele>616.1</ele>
      </trkpt>
      <trkpt lat="34.219298" lon="-118.150854">
        <ele>615.13</ele>
      </trkpt>
      <trkpt lat="34.219301" lon="-118.150976">
        <ele>617.22</ele>
      </trkpt>
      <trkpt lat="34.219357" lon="-118.151036">
        <ele>618.18</ele>
      </trkpt>
      <trkpt lat="34.219399" lon="-118.151035">
        <ele>618.76</ele>
      </trkpt>
      <trkpt lat="34.219573" lon="-118.150958">
        <ele>621.11</ele>
      </trkpt>
      <trkpt lat="34.219719" lon="-118.150941">
        <ele>622.12</ele>
      </trkpt>
      <trkpt lat="34.219833" lon="-118.150933">
        <ele>623.96</ele>
      </trkpt>
      <trkpt lat="34.219897" lon="-118.150976">
        <ele>624.6</ele>
      </trkpt>
      <trkpt lat="34.219901" lon="-118.15123">
        <ele>627.29</ele>
      </trkpt>
      <trkpt lat="34.219868" lon="-118.151497">
        <ele>629.26</ele>
      </trkpt>
      <trkpt lat="34.21988" lon="-118.151695">
        <ele>631.05</ele>
      </trkpt>
      <trkpt lat="34.219874" lon="-118.151808">
        <ele>633.82</ele>
      </trkpt>
      <trkpt lat="34.219757" lon="-118.151966">
        <ele>635.6</ele>
      </trkpt>
      <trkpt lat="34.219754" lon="-118.152078">
        <ele>634.64</ele>
      </trkpt>
      <trkpt lat="34.2199" lon="-118.15234">
        <ele>635.17</ele>
      </trkpt>
      <trkpt lat="34.219924" lon="-118.152451">
        <ele>637.69</ele>
      </trkpt>
      <trkpt lat="34.219911" lon="-118.152779">
        <ele>639.91</ele>
      </trkpt>
      <trkpt lat="34.219879" lon="-118.153032">
        <ele>641.81</ele>
      </trkpt>
      <trkpt lat="34.219847" lon="-118.153285">
        <ele>641.66</ele>
      </trkpt>
      <trkpt lat="34.219741" lon="-118.153525">
        <ele>638.48</ele>
      </trkpt>
      <trkpt lat="34.219563" lon="-118.153731">
        <ele>638.08</ele>
      </trkpt>
      <trkpt lat="34.219372" lon="-118.153937">
        <ele>634.32</ele>
      </trkpt>
      <trkpt lat="34.219244" lon="-118.154083">
        <ele>633.74</ele>
      </trkpt>
      <trkpt lat="34.219251" lon="-118.154367">
        <ele>631.76</ele>
      </trkpt>
      <trkpt lat="34.21923" lon="-118.154513">
        <ele>631.18</ele>
      </trkpt>
      <trkpt lat="34.219123" lon="-118.154727">
        <ele>629.6</ele>
      </trkpt>
      <trkpt lat="34.21901" lon="-118.155028">
        <ele>629.64</ele>
      </trkpt>
      <trkpt lat="34.218931" lon="-118.155204">
        <ele>627.42</ele>
      </trkpt>
      <trkpt lat="34.218893" lon="-118.15537">
        <ele>626.82</ele>
      </trkpt>
      <trkpt lat="34.218896" lon="-118.155525">
        <ele>626.25</ele>
      </trkpt>
      <trkpt lat="34.218974" lon="-118.15556">
        <ele>626.13</ele>
      </trkpt>
      <trkpt lat="34.219059" lon="-118.155551">
        <ele>626.07</ele>
      </trkpt>
      <trkpt lat="34.219143" lon="-118.155511">
        <ele>626.69</ele>
      </trkpt>
      <trkpt lat="34.219279" lon="-118.155577">
        <ele>625.23</ele>
      </trkpt>
      <trkpt lat="34.219322" lon="-118.155697">
        <ele>622.43</ele>
      </trkpt>
      <trkpt lat="34.219336" lon="-118.155946">
        <ele>617.5</ele>
      </trkpt>
      <trkpt lat="34.219348" lon="-118.156062">
        <ele>617.07</ele>
      </trkpt>
      <trkpt lat="34.219374" lon="-118.156125">
        <ele>617.27</ele>
      </trkpt>
      <trkpt lat="34.219319" lon="-118.156283">
        <ele>615.67</ele>
      </trkpt>
      <trkpt lat="34.21927" lon="-118.156468">
        <ele>613.94</ele>
      </trkpt>
      <trkpt lat="34.219335" lon="-118.156965">
        <ele>615.84</ele>
      </trkpt>
      <trkpt lat="34.219533" lon="-118.157315">
        <ele>613.92</ele>
      </trkpt>
      <trkpt lat="34.219587" lon="-118.15743">
        <ele>612.11</ele>
      </trkpt>
      <trkpt lat="34.219618" lon="-118.157533">
        <ele>610</ele>
      </trkpt>
      <trkpt lat="34.219619" lon="-118.157599">
        <ele>607.68</ele>
      </trkpt>
      <trkpt lat="34.219595" lon="-118.157666">
        <ele>606.11</ele>
      </trkpt>
      <trkpt lat="34.219554" lon="-118.157715">
        <ele>603.71</ele>
      </trkpt>
      <trkpt lat="34.219482" lon="-118.157754">
        <ele>600.69</ele>
      </trkpt>
      <trkpt lat="34.219446" lon="-118.157751">
        <ele>600.51</ele>
      </trkpt>
      <trkpt lat="34.219303" lon="-118.157701">
        <ele>600.53</ele>
      </trkpt>
      <trkpt lat="34.219198" lon="-118.157711">
        <ele>602.2</ele>
      </trkpt>
      <trkpt lat="34.219164" lon="-118.157732">
        <ele>601.96</ele>
      </trkpt>
      <trkpt lat="34.219133" lon="-118.157766">
        <ele>601.21</ele>
      </trkpt>
      <trkpt lat="34.219081" lon="-118.157851">
        <ele>598.58</ele>
      </trkpt>
      <trkpt lat="34.219035" lon="-118.15791">
        <ele>596.85</ele>
      </trkpt>
      <trkpt lat="34.218996" lon="-118.157939">
        <ele>596.09</ele>
      </trkpt>
      <trkpt lat="34.21885" lon="-118.157995">
        <ele>594.16</ele>
      </trkpt>
      <trkpt lat="34.218633" lon="-118.158057">
        <ele>592.19</ele>
      </trkpt>
      <trkpt lat="34.218386" lon="-118.158156">
        <ele>589.33</ele>
      </trkpt>
      <trkpt lat="34.218268" lon="-118.158227">
        <ele>587.37</ele>
      </trkpt>
      <trkpt lat="34.218079" lon="-118.158301">
        <ele>584.46</ele>
      </trkpt>
      <trkpt lat="34.21801" lon="-118.15834">
        <ele>584.35</ele>
      </trkpt>
      <trkpt lat="34.217959" lon="-118.158383">
        <ele>584</ele>
      </trkpt>
      <trkpt lat="34.217902" lon="-118.158446">
        <ele>583.53</ele>
      </trkpt>
      <trkpt lat="34.217822" lon="-118.158558">
        <ele>583.06</ele>
      </trkpt>
      <trkpt lat="34.21768" lon="-118.158771">
        <ele>582.87</ele>
      </trkpt>
      <trkpt lat="34.21763" lon="-118.158861">
        <ele>582.38</ele>
      </trkpt>
      <trkpt lat="34.217591" lon="-118.158969">
        <ele>582.02</ele>
      </trkpt>
      <trkpt lat="34.217559" lon="-118.15909">
        <ele>582.27</ele>
      </trkpt>
      <trkpt lat="34.217477" lon="-118.159511">
        <ele>580.23</ele>
      </trkpt>
      <trkpt lat="34.21736" lon="-118.159612">
        <ele>578.4</ele>
      </trkpt>
      <trkpt lat="34.217288" lon="-118.159618">
        <ele>576.74</ele>
      </trkpt>
      <trkpt lat="34.217186" lon="-118.159582">
        <ele>573.61</ele>
      </trkpt>
      <trkpt lat="34.216956" lon="-118.159428">
        <ele>566.35</ele>
      </trkpt>
      <trkpt lat="34.21687" lon="-118.159327">
        <ele>563.62</ele>
      </trkpt>
      <trkpt lat="34.216731" lon="-118.158681">
        <ele>551.66</ele>
      </trkpt>
      <trkpt lat="34.216682" lon="-118.158603">
        <ele>549.94</ele>
      </trkpt>
      <trkpt lat="34.216627" lon="-118.15856">
        <ele>548.63</ele>
      </trkpt>
      <trkpt lat="34.216475" lon="-118.158521">
        <ele>545.25</ele>
      </trkpt>
      <trkpt lat="34.216192" lon="-118.158504">
        <ele>538.99</ele>
      </trkpt>
      <trkpt lat="34.216106" lon="-118.158533">
        <ele>537.18</ele>
      </trkpt>
      <trkpt lat="34.215694" lon="-118.158827">
        <ele>525.04</ele>
      </trkpt>
      <trkpt lat="34.215513" lon="-118.158978">
        <ele>519.67</ele>
      </trkpt>
      <trkpt lat="34.215331" lon="-118.159129">
        <ele>516.86</ele>
      </trkpt>
      <trkpt lat="34.215165" lon="-118.15933">
        <ele>513.93</ele>
      </trkpt>
      <trkpt lat="34.214957" lon="-118.159471">
        <ele>510.99</ele>
      </trkpt>
      <trkpt lat="34.214483" lon="-118.159783">
        <ele>505.36</ele>
      </trkpt>
      <trkpt lat="34.214417" lon="-118.159849">
        <ele>504.03</ele>
      </trkpt>
      <trkpt lat="34.214363" lon="-118.159932">
        <ele>503.64</ele>
      </trkpt>
      <trkpt lat="34.21413" lon="-118.160424">
        <ele>500.65</ele>
      </trkpt>
      <trkpt lat="34.214096" lon="-118.160556">
        <ele>500.44</ele>
      </trkpt>
      <trkpt lat="34.214055" lon="-118.160826">
        <ele>499.95</ele>
      </trkpt>
      <trkpt lat="34.21403" lon="-118.16095">
        <ele>499.02</ele>
      </trkpt>
      <trkpt lat="34.213959" lon="-118.161106">
        <ele>498.96</ele>
      </trkpt>
      <trkpt lat="34.213537" lon="-118.161684">
        <ele>494.01</ele>
      </trkpt>
      <trkpt lat="34.213439" lon="-118.161783">
        <ele>492.64</ele>
      </trkpt>
      <trkpt lat="34.213275" lon="-118.161861">
        <ele>490.34</ele>
      </trkpt>
      <trkpt lat="34.212966" lon="-118.161877">
        <ele>485.99</ele>
      </trkpt>
      <trkpt lat="34.212828" lon="-118.161926">
        <ele>483.88</ele>
      </trkpt>
      <trkpt lat="34.211908" lon="-118.162706">
        <ele>472.06</ele>
      </trkpt>
      <trkpt lat="34.211784" lon="-118.162856">
        <ele>471.09</ele>
      </trkpt>
      <trkpt lat="34.211646" lon="-118.163189">
        <ele>468.18</ele>
      </trkpt>
      <trkpt lat="34.211613" lon="-118.163523">
        <ele>466.03</ele>
      </trkpt>
      <trkpt lat="34.211659" lon="-118.163904">
        <ele>464.44</ele>
      </trkpt>
      <trkpt lat="34.21099" lon="-118.164049">
        <ele>458.62</ele>
      </trkpt>
      <trkpt lat="34.208086" lon="-118.164664">
        <ele>442.19</ele>
      </trkpt>
      <trkpt lat="34.20805" lon="-118.164494">
        <ele>442</ele>
      </trkpt>
      <trkpt lat="34.208039" lon="-118.164384">
        <ele>441.95</ele>
      </trkpt>
      <trkpt lat="34.208108" lon="-118.164257">
        <ele>440.82</ele>
      </trkpt>
      <trkpt lat="34.208151" lon="-118.164208">
        <ele>440.26</ele>
      </trkpt>
      <trkpt lat="34.208458" lon="-118.16406">
        <ele>438.42</ele>
      </trkpt>
      <trkpt lat="34.208638" lon="-118.163945">
        <ele>437.22</ele>
      </trkpt>
      <trkpt lat="34.208774" lon="-118.163831">
        <ele>434.77</ele>
      </trkpt>
      <trkpt lat="34.208947" lon="-118.163639">
        <ele>432.74</ele>
      </trkpt>
      <trkpt lat="34.209287" lon="-118.163212">
        <ele>427.47</ele>
      </trkpt>
      <trkpt lat="34.209384" lon="-118.163113">
        <ele>426.41</ele>
      </trkpt>
      <trkpt lat="34.209458" lon="-118.163055">
        <ele>426.06</ele>
      </trkpt>
      <trkpt lat="34.209853" lon="-118.162813">
        <ele>421</ele>
      </trkpt>
      <trkpt lat="34.209953" lon="-118.162745">
        <ele>421.26</ele>
      </trkpt>
      <trkpt lat="34.210027" lon="-118.162691">
        <ele>419.5</ele>
      </trkpt>
      <trkpt lat="34.210094" lon="-118.162599">
        <ele>417.78</ele>
      </trkpt>
      <trkpt lat="34.210139" lon="-118.162499">
        <ele>416.35</ele>
      </trkpt>
      <trkpt lat="34.210152" lon="-118.162432">
        <ele>415.57</ele>
      </trkpt>
      <trkpt lat="34.210158" lon="-118.16232">
        <ele>414.54</ele>
      </trkpt>
      <trkpt lat="34.210152" lon="-118.162263">
        <ele>414.24</ele>
      </trkpt>
      <trkpt lat="34.210139" lon="-118.162223">
        <ele>414.11</ele>
      </trkpt>
      <trkpt lat="34.210116" lon="-118.162158">
        <ele>413.9</ele>
      </trkpt>
      <trkpt lat="34.21005" lon="-118.162094">
        <ele>413.66</ele>
      </trkpt>
      <trkpt lat="34.209912" lon="-118.162042">
        <ele>414.27</ele>
      </trkpt>
      <trkpt lat="34.209848" lon="-118.162042">
        <ele>414.28</ele>
      </trkpt>
      <trkpt lat="34.209082" lon="-118.162333">
        <ele>410.54</ele>
      </trkpt>
      <trkpt lat="34.20878" lon="-118.162384">
        <ele>411.16</ele>
      </trkpt>
      <trkpt lat="34.20839" lon="-118.162419">
        <ele>411.98</ele>
      </trkpt>
      <trkpt lat="34.208235" lon="-118.162454">
        <ele>412.09</ele>
      </trkpt>
      <trkpt lat="34.207848" lon="-118.162641">
        <ele>412.84</ele>
      </trkpt>
      <trkpt lat="34.20767" lon="-118.162665">
        <ele>412.84</ele>
      </trkpt>
      <trkpt lat="34.207524" lon="-118.162642">
        <ele>414.43</ele>
      </trkpt>
      <trkpt lat="34.207346" lon="-118.162593">
        <ele>415.57</ele>
      </trkpt>
      <trkpt lat="34.207248" lon="-118.162555">
        <ele>416.21</ele>
      </trkpt>
      <trkpt lat="34.207158" lon="-118.162496">
        <ele>416.94</ele>
      </trkpt>
      <trkpt lat="34.207019" lon="-118.162384">
        <ele>417.89</ele>
      </trkpt>
      <trkpt lat="34.206927" lon="-118.162334">
        <ele>419.51</ele>
      </trkpt>
      <trkpt lat="34.206857" lon="-118.162326">
        <ele>419.89</ele>
      </trkpt>
      <trkpt lat="34.206751" lon="-118.162362">
        <ele>419.2</ele>
      </trkpt>
      <trkpt lat="34.206616" lon="-118.162425">
        <ele>418.82</ele>
      </trkpt>
      <trkpt lat="34.205975" lon="-118.162575">
        <ele>415.23</ele>
      </trkpt>
      <trkpt lat="34.205519" lon="-118.162615">
        <ele>413.32</ele>
      </trkpt>
      <trkpt lat="34.204805" lon="-118.162613">
        <ele>410.11</ele>
      </trkpt>
      <trkpt lat="34.204373" lon="-118.162776">
        <ele>409.02</ele>
      </trkpt>
      <trkpt lat="34.204372" lon="-118.162831">
        <ele>408.08</ele>
      </trkpt>
      <trkpt lat="34.204361" lon="-118.162879">
        <ele>407.53</ele>
      </trkpt>
      <trkpt lat="34.204322" lon="-118.162938">
        <ele>406.85</ele>
      </trkpt>
      <trkpt lat="34.20383" lon="-118.163242">
        <ele>403.27</ele>
      </trkpt>
      <trkpt lat="34.203582" lon="-118.163359">
        <ele>400.54</ele>
      </trkpt>
      <trkpt lat="34.203616" lon="-118.163522">
        <ele>400.99</ele>
      </trkpt>
      <trkpt lat="34.20362" lon="-118.163655">
        <ele>400.1</ele>
      </trkpt>
      <trkpt lat="34.203604" lon="-118.163984">
        <ele>398.79</ele>
      </trkpt>
      <trkpt lat="34.20358" lon="-118.164115">
        <ele>398.51</ele>
      </trkpt>
      <trkpt lat="34.203527" lon="-118.164226">
        <ele>398.08</ele>
      </trkpt>
      <trkpt lat="34.203458" lon="-118.164316">
        <ele>397.07</ele>
      </trkpt>
      <trkpt lat="34.203373" lon="-118.16438">
        <ele>396.1</ele>
      </trkpt>
      <trkpt lat="34.203248" lon="-118.164422">
        <ele>395.18</ele>
      </trkpt>
      <trkpt lat="34.203084" lon="-118.164408">
        <ele>393.04</ele>
      </trkpt>
      <trkpt lat="34.202973" lon="-118.16436">
        <ele>392.28</ele>
      </trkpt>
      <trkpt lat="34.202519" lon="-118.163889">
        <ele>389.05</ele>
      </trkpt>
      <trkpt lat="34.202193" lon="-118.163542">
        <ele>384.84</ele>
      </trkpt>
      <trkpt lat="34.201951" lon="-118.16337">
        <ele>382.19</ele>
      </trkpt>
      <trkpt lat="34.201678" lon="-118.163232">
        <ele>380.14</ele>
      </trkpt>
      <trkpt lat="34.201605" lon="-118.163228">
        <ele>379.72</ele>
      </trkpt>
      <trkpt lat="34.20148" lon="-118.163268">
        <ele>379.37</ele>
      </trkpt>
      <trkpt lat="34.199964" lon="-118.163989">
        <ele>375</ele>
      </trkpt>
      <trkpt lat="34.199889" lon="-118.164062">
        <ele>374.5</ele>
      </trkpt>
      <trkpt lat="34.200139" lon="-118.16485">
        <ele>374.66</ele>
      </trkpt>
      <trkpt lat="34.200153" lon="-118.164879">
        <ele>374.34</ele>
      </trkpt>
      <trkpt lat="34.200191" lon="-118.164896">
        <ele>373.72</ele>
      </trkpt>
      <trkpt lat="34.20024" lon="-118.16489">
        <ele>373.04</ele>
      </trkpt>
      <trkpt lat="34.200357" lon="-118.164835">
        <ele>369.24</ele>
      </trkpt>
      <trkpt lat="34.200742" lon="-118.164551">
        <ele>362.95</ele>
      </trkpt>
      <trkpt lat="34.200908" lon="-118.16444">
        <ele>360.98</ele>
      </trkpt>
      <trkpt lat="34.201088" lon="-118.164391">
        <ele>358.95</ele>
      </trkpt>
      <trkpt lat="34.201232" lon="-118.164397">
        <ele>358.83</ele>
      </trkpt>
      <trkpt lat="34.201332" lon="-118.16444">
        <ele>358.3</ele>
      </trkpt>
      <trkpt lat="34.201508" lon="-118.164583">
        <ele>357.8</ele>
      </trkpt>
      <trkpt lat="34.201651" lon="-118.164774">
        <ele>356.73</ele>
      </trkpt>
      <trkpt lat="34.20179" lon="-118.165019">
        <ele>355.28</ele>
      </trkpt>
      <trkpt lat="34.201841" lon="-118.165136">
        <ele>354.12</ele>
      </trkpt>
      <trkpt lat="34.201863" lon="-118.16525">
        <ele>351.89</ele>
      </trkpt>
      <trkpt lat="34.201633" lon="-118.165263">
        <ele>351.48</ele>
      </trkpt>
      <trkpt lat="34.200903" lon="-118.16533">
        <ele>351.56</ele>
      </trkpt>
      <trkpt lat="34.200345" lon="-118.165364">
        <ele>350.81</ele>
      </trkpt>
      <trkpt lat="34.199705" lon="-118.165511">
        <ele>351.73</ele>
      </trkpt>
      <trkpt lat="34.199472" lon="-118.165647">
        <ele>352.4</ele>
      </trkpt>
      <trkpt lat="34.199343" lon="-118.165731">
        <ele>351.82</ele>
      </trkpt>
      <trkpt lat="34.199197" lon="-118.165788">
        <ele>351.36</ele>
      </trkpt>
      <trkpt lat="34.199083" lon="-118.165819">
        <ele>351.58</ele>
      </trkpt>
      <trkpt lat="34.198736" lon="-118.165866">
        <ele>351.65</ele>
      </trkpt>
      <trkpt lat="34.198596" lon="-118.165905">
        <ele>352.38</ele>
      </trkpt>
      <trkpt lat="34.198319" lon="-118.166006">
        <ele>352.05</ele>
      </trkpt>
      <trkpt lat="34.198167" lon="-118.166055">
        <ele>351.83</ele>
      </trkpt>
      <trkpt lat="34.197992" lon="-118.166097">
        <ele>351.97</ele>
      </trkpt>
      <trkpt lat="34.197872" lon="-118.166147">
        <ele>352.13</ele>
      </trkpt>
      <trkpt lat="34.197718" lon="-118.166191">
        <ele>352.42</ele>
      </trkpt>
      <trkpt lat="34.197524" lon="-118.16626">
        <ele>351.13</ele>
      </trkpt>
      <trkpt lat="34.19733" lon="-118.16633">
        <ele>353.78</ele>
      </trkpt>
      <trkpt lat="34.197024" lon="-118.166457">
        <ele>355.47</ele>
      </trkpt>
      <trkpt lat="34.196587" lon="-118.166598">
        <ele>353</ele>
      </trkpt>
      <trkpt lat="34.19637" lon="-118.166715">
        <ele>354.52</ele>
      </trkpt>
      <trkpt lat="34.196167" lon="-118.16685">
        <ele>354.51</ele>
      </trkpt>
      <trkpt lat="34.195909" lon="-118.167065">
        <ele>356.7</ele>
      </trkpt>
      <trkpt lat="34.195564" lon="-118.167332">
        <ele>358</ele>
      </trkpt>
      <trkpt lat="34.195354" lon="-118.167474">
        <ele>358.07</ele>
      </trkpt>
      <trkpt lat="34.195147" lon="-118.16758">
        <ele>359.03</ele>
      </trkpt>
      <trkpt lat="34.19464" lon="-118.167824">
        <ele>357.67</ele>
      </trkpt>
      <trkpt lat="34.194349" lon="-118.167938">
        <ele>356.76</ele>
      </trkpt>
      <trkpt lat="34.194096" lon="-118.168024">
        <ele>355.74</ele>
      </trkpt>
      <trkpt lat="34.194051" lon="-118.168135">
        <ele>354.8</ele>
      </trkpt>
      <trkpt lat="34.194011" lon="-118.168211">
        <ele>353.32</ele>
      </trkpt>
      <trkpt lat="34.193949" lon="-118.16828">
        <ele>352.43</ele>
      </trkpt>
      <trkpt lat="34.193829" lon="-118.168348">
        <ele>354.8</ele>
      </trkpt>
      <trkpt lat="34.193791" lon="-118.168383">
        <ele>353.74</ele>
      </trkpt>
    </trkseg>
  </trk>
</gpx>
