{
  "type": "Feature",
  "properties": {
    "name": "Chantry2Wilson2JPL-21",
    "description": ""
  },
  "geometry": {
    "type": "LineString",
    "coordinates": [
      [
        -118.022679,
        34.195639,
        658.42
      ],
      [
        -118.022583,
        34.195565,
        656.71
      ],
      [
        -118.022525,
        34.195459,
        655.61
      ],
      [
        -118.022515,
        34.195435,
        655.44
      ],
      [
        -118.022424,
        34.195514,
        653.4
      ],
      [
        -118.022375,
        34.195571,
        652.55
      ],
      [
        -118.022243,
        34.195698,
        648.49
      ],
      [
        -118.022222,
        34.195776,
        647.26
      ],
      [
        -118.022239,
        34.195879,
        647.11
      ],
      [
        -118.022238,
        34.195946,
        646.13
      ],
      [
        -118.022146,
        34.19609,
        642.72
      ],
      [
        -118.022052,
        34.196279,
        640.03
      ],
      [
        -118.021894,
        34.196499,
        635.44
      ],
      [
        -118.021864,
        34.196569,
        634.8
      ],
      [
        -118.021882,
        34.19664,
        634.39
      ],
      [
        -118.021942,
        34.196764,
        632.89
      ],
      [
        -118.021985,
        34.1969,
        630.66
      ],
      [
        -118.021977,
        34.197012,
        628.37
      ],
      [
        -118.021938,
        34.197057,
        627.42
      ],
      [
        -118.021848,
        34.19712,
        625.57
      ],
      [
        -118.021789,
        34.197142,
        624.29
      ],
      [
        -118.021733,
        34.197148,
        623.03
      ],
      [
        -118.021674,
        34.197129,
        622.83
      ],
      [
        -118.021609,
        34.197067,
        622.07
      ],
      [
        -118.021587,
        34.196842,
        619.72
      ],
      [
        -118.021552,
        34.196781,
        619.18
      ],
      [
        -118.021506,
        34.19676,
        618
      ],
      [
        -118.021458,
        34.19675,
        616.51
      ],
      [
        -118.021398,
        34.196772,
        615.09
      ],
      [
        -118.021348,
        34.196801,
        614.67
      ],
      [
        -118.021321,
        34.196837,
        614.73
      ],
      [
        -118.02129,
        34.196924,
        613.41
      ],
      [
        -118.021283,
        34.197077,
        611.27
      ],
      [
        -118.021315,
        34.19717,
        609.32
      ],
      [
        -118.021385,
        34.197259,
        607.99
      ],
      [
        -118.021455,
        34.197328,
        607.55
      ],
      [
        -118.02153,
        34.197373,
        606.05
      ],
      [
        -118.021656,
        34.197392,
        604.77
      ],
      [
        -118.021919,
        34.197407,
        601.38
      ],
      [
        -118.022194,
        34.197407,
        597.52
      ],
      [
        -118.022329,
        34.197416,
        596.2
      ],
      [
        -118.022489,
        34.197437,
        594.42
      ],
      [
        -118.022546,
        34.197456,
        593.09
      ],
      [
        -118.022638,
        34.197529,
        590.82
      ],
      [
        -118.02266,
        34.197591,
        591.37
      ],
      [
        -118.022643,
        34.197644,
        591.15
      ],
      [
        -118.02229,
        34.197986,
        583.99
      ],
      [
        -118.02187,
        34.198316,
        579.9
      ],
      [
        -118.021801,
        34.198351,
        578.26
      ],
      [
        -118.021709,
        34.198376,
        577.76
      ],
      [
        -118.02145,
        34.19841,
        577.36
      ],
      [
        -118.021374,
        34.198403,
        577.61
      ],
      [
        -118.021306,
        34.198379,
        576.18
      ],
      [
        -118.021138,
        34.198349,
        572.57
      ],
      [
        -118.021074,
        34.198352,
        571.15
      ],
      [
        -118.021036,
        34.198366,
        570.8
      ],
      [
        -118.020996,
        34.198393,
        571.13
      ],
      [
        -118.020941,
        34.198472,
        570.76
      ],
      [
        -118.020742,
        34.198692,
        568.03
      ],
      [
        -118.020587,
        34.198918,
        565.81
      ],
      [
        -118.020494,
        34.199,
        565.83
      ],
      [
        -118.02043,
        34.199037,
        564.51
      ],
      [
        -118.020348,
        34.199073,
        564.1
      ],
      [
        -118.020253,
        34.199096,
        563.88
      ],
      [
        -118.019934,
        34.199105,
        561.75
      ],
      [
        -118.019843,
        34.199124,
        560.59
      ],
      [
        -118.019798,
        34.199141,
        559.75
      ],
      [
        -118.019734,
        34.199184,
        558.03
      ],
      [
        -118.019702,
        34.199225,
        556.87
      ],
      [
        -118.019672,
        34.199337,
        555.47
      ],
      [
        -118.019677,
        34.199429,
        553.99
      ],
      [
        -118.019698,
        34.199493,
        553.39
      ],
      [
        -118.019732,
        34.199563,
        552.81
      ],
      [
        -118.020086,
        34.200166,
        548.64
      ],
      [
        -118.020146,
        34.200311,
        546.86
      ],
      [
        -118.020165,
        34.200421,
        547.18
      ],
      [
        -118.020232,
        34.200494,
        550.63
      ],
      [
        -118.020653,
        34.200388,
        554.6
      ],
      [
        -118.020809,
        34.200378,
        554
      ],
      [
        -118.021057,
        34.200506,
        557.49
      ],
      [
        -118.021214,
        34.200496,
        558.01
      ],
      [
        -118.021358,
        34.200591,
        562.42
      ],
      [
        -118.021417,
        34.200701,
        563.22
      ],
      [
        -118.021541,
        34.20074,
        564.68
      ],
      [
        -118.021643,
        34.20073,
        568.4
      ],
      [
        -118.021753,
        34.200896,
        566.3
      ],
      [
        -118.021778,
        34.200989,
        567.18
      ],
      [
        -118.021768,
        34.201076,
        568.35
      ],
      [
        -118.021718,
        34.20118,
        572.36
      ],
      [
        -118.021435,
        34.201343,
        575.73
      ],
      [
        -118.021334,
        34.201403,
        574.11
      ],
      [
        -118.021325,
        34.201513,
        575.34
      ],
      [
        -118.021257,
        34.201658,
        576.82
      ],
      [
        -118.021396,
        34.201785,
        579.17
      ],
      [
        -118.021502,
        34.201743,
        580.89
      ],
      [
        -118.021672,
        34.201888,
        583.32
      ],
      [
        -118.021798,
        34.201895,
        585.94
      ],
      [
        -118.022107,
        34.201976,
        590.75
      ],
      [
        -118.022372,
        34.202066,
        592.5
      ],
      [
        -118.022686,
        34.202021,
        595.75
      ],
      [
        -118.02278,
        34.202122,
        592.86
      ],
      [
        -118.022898,
        34.202101,
        594.4
      ],
      [
        -118.022927,
        34.202,
        594.85
      ],
      [
        -118.022955,
        34.201948,
        595.01
      ],
      [
        -118.023173,
        34.201916,
        597.32
      ],
      [
        -118.023552,
        34.202204,
        600.7
      ],
      [
        -118.02365,
        34.202251,
        602.5
      ],
      [
        -118.023813,
        34.202463,
        605.29
      ],
      [
        -118.0239,
        34.202531,
        607.17
      ],
      [
        -118.023905,
        34.202571,
        609.29
      ],
      [
        -118.023854,
        34.202616,
        612.06
      ],
      [
        -118.023961,
        34.202683,
        615.16
      ],
      [
        -118.024142,
        34.202805,
        617.8
      ],
      [
        -118.024199,
        34.202898,
        619.84
      ],
      [
        -118.024207,
        34.203076,
        624.05
      ],
      [
        -118.024182,
        34.203225,
        624.74
      ],
      [
        -118.024228,
        34.203332,
        621.4
      ],
      [
        -118.024405,
        34.203367,
        621.21
      ],
      [
        -118.024459,
        34.203406,
        624.4
      ],
      [
        -118.024552,
        34.203416,
        625.91
      ],
      [
        -118.024753,
        34.203411,
        628.47
      ],
      [
        -118.024915,
        34.203273,
        629.29
      ],
      [
        -118.024974,
        34.20328,
        633.56
      ],
      [
        -118.02492,
        34.203423,
        637.45
      ],
      [
        -118.02476,
        34.203557,
        640.45
      ],
      [
        -118.024636,
        34.20359,
        641.28
      ],
      [
        -118.024431,
        34.203601,
        639.15
      ],
      [
        -118.024313,
        34.203667,
        642.68
      ],
      [
        -118.024353,
        34.203729,
        640.56
      ],
      [
        -118.024504,
        34.203848,
        640.18
      ],
      [
        -118.024508,
        34.203913,
        639.1
      ],
      [
        -118.024424,
        34.204021,
        640.98
      ],
      [
        -118.024321,
        34.204025,
        641.07
      ],
      [
        -118.024233,
        34.204069,
        642.7
      ],
      [
        -118.024212,
        34.204137,
        646.4
      ],
      [
        -118.024346,
        34.204148,
        647.01
      ],
      [
        -118.024495,
        34.204145,
        646.83
      ],
      [
        -118.024775,
        34.204221,
        648.54
      ],
      [
        -118.024963,
        34.204384,
        651.14
      ],
      [
        -118.025018,
        34.20454,
        652.88
      ],
      [
        -118.025101,
        34.204682,
        652.04
      ],
      [
        -118.025098,
        34.204744,
        652.82
      ],
      [
        -118.025123,
        34.204821,
        652.58
      ],
      [
        -118.025228,
        34.204865,
        651.24
      ],
      [
        -118.025268,
        34.204891,
        652.11
      ],
      [
        -118.025294,
        34.205046,
        654.04
      ],
      [
        -118.025373,
        34.205128,
        656.45
      ],
      [
        -118.0254,
        34.205241,
        658.06
      ],
      [
        -118.02539,
        34.20546,
        660.18
      ],
      [
        -118.025408,
        34.205633,
        663.76
      ],
      [
        -118.025351,
        34.205764,
        664.67
      ],
      [
        -118.025349,
        34.205936,
        666.57
      ],
      [
        -118.025409,
        34.206121,
        668.18
      ],
      [
        -118.025465,
        34.206187,
        668.48
      ],
      [
        -118.025573,
        34.206265,
        669.65
      ],
      [
        -118.025653,
        34.206348,
        669.29
      ],
      [
        -118.025812,
        34.206377,
        671.78
      ],
      [
        -118.026013,
        34.206488,
        671.72
      ],
      [
        -118.026251,
        34.206579,
        676.19
      ],
      [
        -118.026209,
        34.206693,
        679.48
      ],
      [
        -118.026071,
        34.206694,
        679.48
      ],
      [
        -118.026017,
        34.206744,
        681.86
      ],
      [
        -118.026309,
        34.206848,
        685.87
      ],
      [
        -118.026553,
        34.206863,
        685.96
      ],
      [
        -118.027021,
        34.207034,
        687.88
      ],
      [
        -118.027383,
        34.207249,
        693.88
      ],
      [
        -118.027505,
        34.207397,
        698.17
      ],
      [
        -118.027473,
        34.207528,
        703.93
      ],
      [
        -118.027538,
        34.20768,
        707.52
      ],
      [
        -118.027831,
        34.207771,
        703.97
      ],
      [
        -118.027989,
        34.20786,
        707.4
      ],
      [
        -118.028112,
        34.207827,
        707.15
      ],
      [
        -118.028363,
        34.207809,
        708.6
      ],
      [
        -118.028485,
        34.207727,
        707.66
      ],
      [
        -118.028636,
        34.207602,
        709.48
      ],
      [
        -118.028791,
        34.207597,
        712
      ],
      [
        -118.029024,
        34.207651,
        715.91
      ],
      [
        -118.029197,
        34.207702,
        718.9
      ],
      [
        -118.02948,
        34.207694,
        720.88
      ],
      [
        -118.029643,
        34.20766,
        720.95
      ],
      [
        -118.029827,
        34.207723,
        724.43
      ],
      [
        -118.029942,
        34.207582,
        723.38
      ],
      [
        -118.030153,
        34.207478,
        726.47
      ],
      [
        -118.030456,
        34.207462,
        730.04
      ],
      [
        -118.030799,
        34.207548,
        736.02
      ],
      [
        -118.030932,
        34.207626,
        738.99
      ],
      [
        -118.031315,
        34.207618,
        742.49
      ],
      [
        -118.031574,
        34.207597,
        745.33
      ],
      [
        -118.031802,
        34.20764,
        747.65
      ],
      [
        -118.031973,
        34.207478,
        744.79
      ],
      [
        -118.032057,
        34.2075,
        745.19
      ],
      [
        -118.032146,
        34.207476,
        745.94
      ],
      [
        -118.031967,
        34.207299,
        744.61
      ],
      [
        -118.031898,
        34.207242,
        745.13
      ],
      [
        -118.031908,
        34.207173,
        748.84
      ],
      [
        -118.03207,
        34.207271,
        749.15
      ],
      [
        -118.032389,
        34.207352,
        754.63
      ],
      [
        -118.032549,
        34.207469,
        756.68
      ],
      [
        -118.032603,
        34.207561,
        757.4
      ],
      [
        -118.032893,
        34.207809,
        761.6
      ],
      [
        -118.032899,
        34.207896,
        761.96
      ],
      [
        -118.032921,
        34.208003,
        760.69
      ],
      [
        -118.032872,
        34.208082,
        759.63
      ],
      [
        -118.032912,
        34.208194,
        760.92
      ],
      [
        -118.032895,
        34.208255,
        764.21
      ],
      [
        -118.033019,
        34.208363,
        768.15
      ],
      [
        -118.03323,
        34.208443,
        769.43
      ],
      [
        -118.033497,
        34.208401,
        770.98
      ],
      [
        -118.033672,
        34.208389,
        771.61
      ],
      [
        -118.033902,
        34.208343,
        772.7
      ],
      [
        -118.034005,
        34.208373,
        774.92
      ],
      [
        -118.034086,
        34.20843,
        777.62
      ],
      [
        -118.033966,
        34.208543,
        780.86
      ],
      [
        -118.033849,
        34.208591,
        781.49
      ],
      [
        -118.03387,
        34.208653,
        783.99
      ],
      [
        -118.033941,
        34.208683,
        785.47
      ],
      [
        -118.03422,
        34.208601,
        785.89
      ],
      [
        -118.034333,
        34.208587,
        786.08
      ],
      [
        -118.034405,
        34.208568,
        785.39
      ],
      [
        -118.034333,
        34.208587,
        786.08
      ],
      [
        -118.03422,
        34.208601,
        785.89
      ],
      [
        -118.033941,
        34.208683,
        785.47
      ],
      [
        -118.03387,
        34.208653,
        783.99
      ],
      [
        -118.033849,
        34.208591,
        781.49
      ],
      [
        -118.033462,
        34.208688,
        785.34
      ],
      [
        -118.033362,
        34.208691,
        783.24
      ],
      [
        -118.033277,
        34.20872,
        782.24
      ],
      [
        -118.033101,
        34.208958,
        786.47
      ],
      [
        -118.032962,
        34.209056,
        787.28
      ],
      [
        -118.032876,
        34.209154,
        791.88
      ],
      [
        -118.032759,
        34.209256,
        793.78
      ],
      [
        -118.032716,
        34.20934,
        796.38
      ],
      [
        -118.032689,
        34.209435,
        798.91
      ],
      [
        -118.032689,
        34.209528,
        802.95
      ],
      [
        -118.032703,
        34.20964,
        810.26
      ],
      [
        -118.032588,
        34.209675,
        812.26
      ],
      [
        -118.032439,
        34.209559,
        811.7
      ],
      [
        -118.03239,
        34.20947,
        811.52
      ],
      [
        -118.032297,
        34.209427,
        817.92
      ],
      [
        -118.032356,
        34.209331,
        815.62
      ],
      [
        -118.032292,
        34.209126,
        821.59
      ],
      [
        -118.032381,
        34.208888,
        820.58
      ],
      [
        -118.032292,
        34.208791,
        820.9
      ],
      [
        -118.032269,
        34.208817,
        822.87
      ],
      [
        -118.032274,
        34.208907,
        826.62
      ],
      [
        -118.032207,
        34.208836,
        826.24
      ],
      [
        -118.032116,
        34.208787,
        826.8
      ],
      [
        -118.032021,
        34.208762,
        823.47
      ],
      [
        -118.031875,
        34.208859,
        825.64
      ],
      [
        -118.03177,
        34.208941,
        827.97
      ],
      [
        -118.031611,
        34.209001,
        827.71
      ],
      [
        -118.031543,
        34.209078,
        830.2
      ],
      [
        -118.031535,
        34.209105,
        832.07
      ],
      [
        -118.031666,
        34.209036,
        831.83
      ],
      [
        -118.03177,
        34.209032,
        834.97
      ],
      [
        -118.031906,
        34.209014,
        836.72
      ],
      [
        -118.031945,
        34.209034,
        838.72
      ],
      [
        -118.03191,
        34.209052,
        839.09
      ],
      [
        -118.03169,
        34.209118,
        838.36
      ],
      [
        -118.031516,
        34.209239,
        841.79
      ],
      [
        -118.031389,
        34.209301,
        840.88
      ],
      [
        -118.031359,
        34.20939,
        842.08
      ],
      [
        -118.031364,
        34.209623,
        847.93
      ],
      [
        -118.031337,
        34.209716,
        851.08
      ],
      [
        -118.031288,
        34.20975,
        850.96
      ],
      [
        -118.031278,
        34.209776,
        852.38
      ],
      [
        -118.031197,
        34.209847,
        857.36
      ],
      [
        -118.031046,
        34.209887,
        858.53
      ],
      [
        -118.03096,
        34.209878,
        856.01
      ],
      [
        -118.030932,
        34.209987,
        862.39
      ],
      [
        -118.030865,
        34.210042,
        863.88
      ],
      [
        -118.030768,
        34.210162,
        868.79
      ],
      [
        -118.030694,
        34.210172,
        869.56
      ],
      [
        -118.03042,
        34.210089,
        872.64
      ],
      [
        -118.030285,
        34.210038,
        869.94
      ],
      [
        -118.030211,
        34.210062,
        870.66
      ],
      [
        -118.030176,
        34.21011,
        872.46
      ],
      [
        -118.03004,
        34.210148,
        873.66
      ],
      [
        -118.030038,
        34.20999,
        872.38
      ],
      [
        -118.029933,
        34.209798,
        879.04
      ],
      [
        -118.029939,
        34.209699,
        877.44
      ],
      [
        -118.029923,
        34.209574,
        874.55
      ],
      [
        -118.029891,
        34.209558,
        874.66
      ],
      [
        -118.029766,
        34.209573,
        876.64
      ],
      [
        -118.029619,
        34.209556,
        874.58
      ],
      [
        -118.029562,
        34.209566,
        874.59
      ],
      [
        -118.029469,
        34.209646,
        875.27
      ],
      [
        -118.029325,
        34.209815,
        881.38
      ],
      [
        -118.029227,
        34.209838,
        880.77
      ],
      [
        -118.029166,
        34.209888,
        881.41
      ],
      [
        -118.029167,
        34.209927,
        884.2
      ],
      [
        -118.029099,
        34.210008,
        885.92
      ],
      [
        -118.029066,
        34.210011,
        884.11
      ],
      [
        -118.02898,
        34.210075,
        885.76
      ],
      [
        -118.028926,
        34.21014,
        889.97
      ],
      [
        -118.028834,
        34.210144,
        887.63
      ],
      [
        -118.028762,
        34.210184,
        887.55
      ],
      [
        -118.028709,
        34.210237,
        889.13
      ],
      [
        -118.028651,
        34.210277,
        891.14
      ],
      [
        -118.028617,
        34.210321,
        894.8
      ],
      [
        -118.028605,
        34.210325,
        895.19
      ],
      [
        -118.02848,
        34.210309,
        895.49
      ],
      [
        -118.028247,
        34.210184,
        893.66
      ],
      [
        -118.028104,
        34.210209,
        894.67
      ],
      [
        -118.027941,
        34.210251,
        897.99
      ],
      [
        -118.027878,
        34.210256,
        901.23
      ],
      [
        -118.027798,
        34.210224,
        901.77
      ],
      [
        -118.027779,
        34.210209,
        901.02
      ],
      [
        -118.02776,
        34.21023,
        903.92
      ],
      [
        -118.027798,
        34.210286,
        907.64
      ],
      [
        -118.027906,
        34.21034,
        908.02
      ],
      [
        -118.027968,
        34.210343,
        905.73
      ],
      [
        -118.028034,
        34.210343,
        905.67
      ],
      [
        -118.02815,
        34.210308,
        905.08
      ],
      [
        -118.028205,
        34.210311,
        905.16
      ],
      [
        -118.028151,
        34.210326,
        906.81
      ],
      [
        -118.028093,
        34.210355,
        908.24
      ],
      [
        -118.0279,
        34.210477,
        920.79
      ],
      [
        -118.027827,
        34.210484,
        924.32
      ],
      [
        -118.027768,
        34.210433,
        922.58
      ],
      [
        -118.027632,
        34.210377,
        923.92
      ],
      [
        -118.027488,
        34.21037,
        920.85
      ],
      [
        -118.027279,
        34.21051,
        925.62
      ],
      [
        -118.027158,
        34.21055,
        925.63
      ],
      [
        -118.02699,
        34.210673,
        928.15
      ],
      [
        -118.026992,
        34.210694,
        928.83
      ],
      [
        -118.027052,
        34.210696,
        931.44
      ],
      [
        -118.027237,
        34.210643,
        933.9
      ],
      [
        -118.027603,
        34.210602,
        939.7
      ],
      [
        -118.027512,
        34.21067,
        941.63
      ],
      [
        -118.027327,
        34.210767,
        943.67
      ],
      [
        -118.027251,
        34.21083,
        944.65
      ],
      [
        -118.027259,
        34.210858,
        946.23
      ],
      [
        -118.027327,
        34.210833,
        947.41
      ],
      [
        -118.027401,
        34.210842,
        949.45
      ],
      [
        -118.027518,
        34.210836,
        951.49
      ],
      [
        -118.027619,
        34.210806,
        951.82
      ],
      [
        -118.027677,
        34.21081,
        952.41
      ],
      [
        -118.027805,
        34.21089,
        956.9
      ],
      [
        -118.027871,
        34.210966,
        961.6
      ],
      [
        -118.027975,
        34.210928,
        958.59
      ],
      [
        -118.028033,
        34.210918,
        958.37
      ],
      [
        -118.02796,
        34.211009,
        963.82
      ],
      [
        -118.027814,
        34.211098,
        969.55
      ],
      [
        -118.027749,
        34.211051,
        967.25
      ],
      [
        -118.027675,
        34.211033,
        966.16
      ],
      [
        -118.027509,
        34.211172,
        967.78
      ],
      [
        -118.027482,
        34.211226,
        968.3
      ],
      [
        -118.027487,
        34.211321,
        971.32
      ],
      [
        -118.027458,
        34.211403,
        974.04
      ],
      [
        -118.027294,
        34.211487,
        975.94
      ],
      [
        -118.027176,
        34.211486,
        974.8
      ],
      [
        -118.027104,
        34.211528,
        974.29
      ],
      [
        -118.02709,
        34.211787,
        980.09
      ],
      [
        -118.027034,
        34.211861,
        979.54
      ],
      [
        -118.02703,
        34.211891,
        980.58
      ],
      [
        -118.027152,
        34.211804,
        984.66
      ],
      [
        -118.027233,
        34.21167,
        984.84
      ],
      [
        -118.027419,
        34.211644,
        989.68
      ],
      [
        -118.027743,
        34.211506,
        992.39
      ],
      [
        -118.027877,
        34.211514,
        996.09
      ],
      [
        -118.027821,
        34.211542,
        997.84
      ],
      [
        -118.027694,
        34.211616,
        997.59
      ],
      [
        -118.027562,
        34.211717,
        999.24
      ],
      [
        -118.027479,
        34.211809,
        1001.55
      ],
      [
        -118.027409,
        34.212005,
        1005.7
      ],
      [
        -118.027373,
        34.212166,
        1009.81
      ],
      [
        -118.027261,
        34.212288,
        1010.47
      ],
      [
        -118.027264,
        34.212347,
        1012.47
      ],
      [
        -118.027424,
        34.212255,
        1016.84
      ],
      [
        -118.027575,
        34.212124,
        1019.28
      ],
      [
        -118.027725,
        34.212036,
        1021.85
      ],
      [
        -118.027846,
        34.212032,
        1023.82
      ],
      [
        -118.027927,
        34.212068,
        1024.64
      ],
      [
        -118.028002,
        34.212168,
        1029.61
      ],
      [
        -118.028295,
        34.212386,
        1030.75
      ],
      [
        -118.028328,
        34.212518,
        1035.18
      ],
      [
        -118.02838,
        34.212619,
        1034.94
      ],
      [
        -118.028392,
        34.212847,
        1038.57
      ],
      [
        -118.028494,
        34.21294,
        1036.09
      ],
      [
        -118.028538,
        34.213022,
        1037.86
      ],
      [
        -118.028723,
        34.213086,
        1034.38
      ],
      [
        -118.028841,
        34.213202,
        1037.6
      ],
      [
        -118.028943,
        34.213322,
        1039.89
      ],
      [
        -118.029088,
        34.213292,
        1035.14
      ],
      [
        -118.029147,
        34.213308,
        1036.66
      ],
      [
        -118.029221,
        34.213411,
        1041.8
      ],
      [
        -118.029202,
        34.213641,
        1048.61
      ],
      [
        -118.029185,
        34.21369,
        1050.16
      ],
      [
        -118.0292,
        34.213731,
        1050.54
      ],
      [
        -118.029195,
        34.213805,
        1051.84
      ],
      [
        -118.029153,
        34.213863,
        1053.06
      ],
      [
        -118.028991,
        34.213872,
        1054.9
      ],
      [
        -118.028905,
        34.213931,
        1056.04
      ],
      [
        -118.028854,
        34.21412,
        1058.57
      ],
      [
        -118.02888,
        34.214355,
        1059.66
      ],
      [
        -118.028854,
        34.21452,
        1062.22
      ],
      [
        -118.028922,
        34.214858,
        1066.66
      ],
      [
        -118.028907,
        34.215007,
        1068.87
      ],
      [
        -118.028973,
        34.215161,
        1068.07
      ],
      [
        -118.029075,
        34.215321,
        1067.89
      ],
      [
        -118.02916,
        34.215383,
        1068.71
      ],
      [
        -118.029288,
        34.215575,
        1070.64
      ],
      [
        -118.029416,
        34.215668,
        1073.48
      ],
      [
        -118.02952,
        34.215808,
        1074.4
      ],
      [
        -118.029601,
        34.215897,
        1075.81
      ],
      [
        -118.029644,
        34.215979,
        1075.89
      ],
      [
        -118.029692,
        34.216023,
        1077.04
      ],
      [
        -118.029869,
        34.215976,
        1078.17
      ],
      [
        -118.03007,
        34.215981,
        1077.04
      ],
      [
        -118.030221,
        34.215975,
        1075.87
      ],
      [
        -118.030333,
        34.216056,
        1073
      ],
      [
        -118.03043,
        34.216211,
        1068.41
      ],
      [
        -118.030506,
        34.216292,
        1068.04
      ],
      [
        -118.030719,
        34.216367,
        1069.2
      ],
      [
        -118.030906,
        34.216572,
        1067.13
      ],
      [
        -118.031092,
        34.21652,
        1071.09
      ],
      [
        -118.031272,
        34.21641,
        1072.51
      ],
      [
        -118.031391,
        34.216317,
        1072.26
      ],
      [
        -118.031609,
        34.216351,
        1066.1
      ],
      [
        -118.031759,
        34.216357,
        1066.81
      ],
      [
        -118.031861,
        34.216462,
        1062.17
      ],
      [
        -118.03198,
        34.216498,
        1064.87
      ],
      [
        -118.032062,
        34.216536,
        1065.84
      ],
      [
        -118.031949,
        34.216702,
        1060.01
      ],
      [
        -118.031831,
        34.216761,
        1053.94
      ],
      [
        -118.031803,
        34.216827,
        1053.9
      ],
      [
        -118.031825,
        34.2169,
        1054.84
      ],
      [
        -118.031944,
        34.2169,
        1060.04
      ],
      [
        -118.032042,
        34.216913,
        1062.25
      ],
      [
        -118.032131,
        34.21701,
        1059.06
      ],
      [
        -118.032028,
        34.217089,
        1055.9
      ],
      [
        -118.031995,
        34.217165,
        1056.84
      ],
      [
        -118.031906,
        34.217175,
        1055.74
      ],
      [
        -118.03167,
        34.217185,
        1052.68
      ],
      [
        -118.031549,
        34.217241,
        1050.65
      ],
      [
        -118.031519,
        34.217389,
        1053.44
      ],
      [
        -118.031432,
        34.217525,
        1049.43
      ],
      [
        -118.031428,
        34.217644,
        1050.37
      ],
      [
        -118.031387,
        34.217807,
        1050.18
      ],
      [
        -118.031514,
        34.217899,
        1053.6
      ],
      [
        -118.031705,
        34.218009,
        1054.59
      ],
      [
        -118.031874,
        34.218076,
        1055.76
      ],
      [
        -118.031979,
        34.218047,
        1060.44
      ],
      [
        -118.03206,
        34.218059,
        1059.52
      ],
      [
        -118.032212,
        34.218257,
        1052.24
      ],
      [
        -118.032236,
        34.218392,
        1049.79
      ],
      [
        -118.032262,
        34.218516,
        1049.46
      ],
      [
        -118.032396,
        34.218596,
        1052.33
      ],
      [
        -118.032527,
        34.218608,
        1053.64
      ],
      [
        -118.032658,
        34.218603,
        1054
      ],
      [
        -118.032999,
        34.218454,
        1052.57
      ],
      [
        -118.033222,
        34.218323,
        1053.79
      ],
      [
        -118.033345,
        34.218349,
        1048.81
      ],
      [
        -118.033621,
        34.218346,
        1047.51
      ],
      [
        -118.033789,
        34.218366,
        1046.22
      ],
      [
        -118.033687,
        34.218534,
        1036.26
      ],
      [
        -118.033653,
        34.218671,
        1034.23
      ],
      [
        -118.03359,
        34.218771,
        1032.3
      ],
      [
        -118.033502,
        34.218874,
        1030.33
      ],
      [
        -118.033505,
        34.218984,
        1031.34
      ],
      [
        -118.033443,
        34.219134,
        1029.72
      ],
      [
        -118.033428,
        34.219218,
        1029.49
      ],
      [
        -118.033499,
        34.219297,
        1033.99
      ],
      [
        -118.033751,
        34.219427,
        1033.68
      ],
      [
        -118.033754,
        34.219528,
        1031.68
      ],
      [
        -118.033805,
        34.219605,
        1031.24
      ],
      [
        -118.033939,
        34.219654,
        1031.9
      ],
      [
        -118.034077,
        34.219642,
        1035.65
      ],
      [
        -118.034199,
        34.21964,
        1037.73
      ],
      [
        -118.034293,
        34.219723,
        1035.38
      ],
      [
        -118.034259,
        34.219837,
        1033.75
      ],
      [
        -118.034148,
        34.220036,
        1032.47
      ],
      [
        -118.034047,
        34.220156,
        1035.16
      ],
      [
        -118.034085,
        34.22022,
        1037.13
      ],
      [
        -118.03426,
        34.220257,
        1037.14
      ],
      [
        -118.034458,
        34.220249,
        1036.68
      ],
      [
        -118.034574,
        34.220333,
        1032.98
      ],
      [
        -118.034598,
        34.220464,
        1028.46
      ],
      [
        -118.034703,
        34.220504,
        1030.51
      ],
      [
        -118.034987,
        34.220419,
        1030.71
      ],
      [
        -118.035163,
        34.220433,
        1028.09
      ],
      [
        -118.035129,
        34.220623,
        1018.57
      ],
      [
        -118.035159,
        34.220778,
        1014.98
      ],
      [
        -118.035137,
        34.220998,
        1008.03
      ],
      [
        -118.035263,
        34.221177,
        1007.54
      ],
      [
        -118.035503,
        34.221348,
        1003.49
      ],
      [
        -118.035667,
        34.22143,
        1000.74
      ],
      [
        -118.036052,
        34.221513,
        997.34
      ],
      [
        -118.036218,
        34.221528,
        996.04
      ],
      [
        -118.036546,
        34.22146,
        999.19
      ],
      [
        -118.036557,
        34.221526,
        996.31
      ],
      [
        -118.036185,
        34.221661,
        990.33
      ],
      [
        -118.036028,
        34.221743,
        986.78
      ],
      [
        -118.03562,
        34.221746,
        980.6
      ],
      [
        -118.035548,
        34.221845,
        978.99
      ],
      [
        -118.035777,
        34.22191,
        983.11
      ],
      [
        -118.035929,
        34.222003,
        986.15
      ],
      [
        -118.036244,
        34.222139,
        995.72
      ],
      [
        -118.036392,
        34.222314,
        995.59
      ],
      [
        -118.036526,
        34.222545,
        997.27
      ],
      [
        -118.036582,
        34.222711,
        997.87
      ],
      [
        -118.036719,
        34.222867,
        1000.93
      ],
      [
        -118.036827,
        34.222964,
        1003.5
      ],
      [
        -118.036951,
        34.223428,
        1011.5
      ],
      [
        -118.037009,
        34.223547,
        1014.48
      ],
      [
        -118.037082,
        34.223482,
        1015.7
      ],
      [
        -118.037112,
        34.223345,
        1021.52
      ],
      [
        -118.037213,
        34.22327,
        1023.45
      ],
      [
        -118.037365,
        34.223328,
        1027.08
      ],
      [
        -118.037543,
        34.223353,
        1032.09
      ],
      [
        -118.037605,
        34.223456,
        1033.19
      ],
      [
        -118.037724,
        34.223517,
        1035.62
      ],
      [
        -118.038067,
        34.223535,
        1044.16
      ],
      [
        -118.038187,
        34.223613,
        1047.04
      ],
      [
        -118.038329,
        34.223757,
        1049
      ],
      [
        -118.038397,
        34.223913,
        1049.49
      ],
      [
        -118.03849,
        34.223967,
        1051.28
      ],
      [
        -118.038612,
        34.223917,
        1054.81
      ],
      [
        -118.038691,
        34.223908,
        1057.14
      ],
      [
        -118.038796,
        34.223995,
        1061.6
      ],
      [
        -118.039004,
        34.224197,
        1069.28
      ],
      [
        -118.039215,
        34.224369,
        1073.26
      ],
      [
        -118.039372,
        34.22443,
        1075.51
      ],
      [
        -118.039843,
        34.224393,
        1081.81
      ],
      [
        -118.040277,
        34.224667,
        1090.31
      ],
      [
        -118.040519,
        34.224757,
        1095.17
      ],
      [
        -118.040734,
        34.224785,
        1098.61
      ],
      [
        -118.040955,
        34.224841,
        1103.84
      ],
      [
        -118.041085,
        34.224949,
        1106.02
      ],
      [
        -118.041331,
        34.225013,
        1111.15
      ],
      [
        -118.041594,
        34.225099,
        1117.37
      ],
      [
        -118.041986,
        34.225183,
        1125.79
      ],
      [
        -118.042086,
        34.225252,
        1127.14
      ],
      [
        -118.042176,
        34.225275,
        1129.23
      ],
      [
        -118.042493,
        34.225288,
        1138.58
      ],
      [
        -118.042601,
        34.225373,
        1139.26
      ],
      [
        -118.04277,
        34.225375,
        1144.98
      ],
      [
        -118.043021,
        34.225432,
        1151.5
      ],
      [
        -118.043227,
        34.225416,
        1159.83
      ],
      [
        -118.043359,
        34.225513,
        1161.16
      ],
      [
        -118.043561,
        34.225544,
        1164.11
      ],
      [
        -118.043854,
        34.225495,
        1171.21
      ],
      [
        -118.044002,
        34.225517,
        1172.38
      ],
      [
        -118.04413,
        34.225536,
        1173.4
      ],
      [
        -118.044405,
        34.225577,
        1179.35
      ],
      [
        -118.044525,
        34.225547,
        1183.11
      ],
      [
        -118.044654,
        34.225604,
        1185.31
      ],
      [
        -118.045003,
        34.225587,
        1197.87
      ],
      [
        -118.045154,
        34.22576,
        1199.11
      ],
      [
        -118.045244,
        34.22584,
        1200.65
      ],
      [
        -118.045356,
        34.225927,
        1204.18
      ],
      [
        -118.045543,
        34.226024,
        1210.36
      ],
      [
        -118.045688,
        34.226074,
        1215.44
      ],
      [
        -118.045783,
        34.22622,
        1217.17
      ],
      [
        -118.045949,
        34.226347,
        1222.7
      ],
      [
        -118.046158,
        34.22653,
        1229.12
      ],
      [
        -118.046405,
        34.226591,
        1238.31
      ],
      [
        -118.046489,
        34.226251,
        1250.84
      ],
      [
        -118.04641,
        34.225938,
        1260.21
      ],
      [
        -118.046618,
        34.226002,
        1268.48
      ],
      [
        -118.046852,
        34.226158,
        1273.72
      ],
      [
        -118.047055,
        34.226423,
        1280.9
      ],
      [
        -118.047294,
        34.226579,
        1287.46
      ],
      [
        -118.047452,
        34.226585,
        1290.71
      ],
      [
        -118.047918,
        34.226505,
        1303.2
      ],
      [
        -118.048241,
        34.226661,
        1309.73
      ],
      [
        -118.048163,
        34.226426,
        1317.09
      ],
      [
        -118.047974,
        34.226285,
        1318.58
      ],
      [
        -118.047807,
        34.226197,
        1321.36
      ],
      [
        -118.048191,
        34.226192,
        1331.4
      ],
      [
        -118.048421,
        34.226281,
        1336.31
      ],
      [
        -118.048643,
        34.226338,
        1344.48
      ],
      [
        -118.048492,
        34.225996,
        1353.65
      ],
      [
        -118.04829,
        34.225831,
        1356.48
      ],
      [
        -118.04846,
        34.225797,
        1363.52
      ],
      [
        -118.048756,
        34.225926,
        1369.34
      ],
      [
        -118.048945,
        34.225984,
        1375.32
      ],
      [
        -118.048904,
        34.225889,
        1378.45
      ],
      [
        -118.048718,
        34.225652,
        1382.26
      ],
      [
        -118.048533,
        34.225415,
        1392.27
      ],
      [
        -118.048231,
        34.225203,
        1396.81
      ],
      [
        -118.047928,
        34.224991,
        1398.08
      ],
      [
        -118.047803,
        34.224741,
        1403.33
      ],
      [
        -118.047768,
        34.224469,
        1408.79
      ],
      [
        -118.047732,
        34.224198,
        1409.34
      ],
      [
        -118.047588,
        34.223637,
        1418.22
      ],
      [
        -118.047506,
        34.223379,
        1421.22
      ],
      [
        -118.04751,
        34.223254,
        1420.38
      ],
      [
        -118.04777,
        34.223235,
        1423.26
      ],
      [
        -118.047826,
        34.223342,
        1429.53
      ],
      [
        -118.048073,
        34.223379,
        1434.2
      ],
      [
        -118.04817,
        34.223574,
        1439.38
      ],
      [
        -118.048294,
        34.223658,
        1442.11
      ],
      [
        -118.048398,
        34.223835,
        1447.6
      ],
      [
        -118.048489,
        34.224222,
        1453.51
      ],
      [
        -118.048714,
        34.224415,
        1458.85
      ],
      [
        -118.048986,
        34.224541,
        1462.06
      ],
      [
        -118.04953,
        34.224792,
        1473.19
      ],
      [
        -118.050008,
        34.225074,
        1482.68
      ],
      [
        -118.050293,
        34.225288,
        1483.02
      ],
      [
        -118.050569,
        34.225363,
        1485.18
      ],
      [
        -118.050773,
        34.225357,
        1491.87
      ],
      [
        -118.050915,
        34.22546,
        1493.52
      ],
      [
        -118.050891,
        34.225318,
        1498.73
      ],
      [
        -118.050593,
        34.225148,
        1502.56
      ],
      [
        -118.050346,
        34.225018,
        1504.37
      ],
      [
        -118.050152,
        34.224774,
        1508.02
      ],
      [
        -118.050092,
        34.224667,
        1508.96
      ],
      [
        -118.050102,
        34.224454,
        1511.96
      ],
      [
        -118.050213,
        34.224398,
        1516.53
      ],
      [
        -118.050387,
        34.224613,
        1519.92
      ],
      [
        -118.05061,
        34.224761,
        1524.61
      ],
      [
        -118.050884,
        34.224807,
        1530.64
      ],
      [
        -118.051254,
        34.224893,
        1538.13
      ],
      [
        -118.051597,
        34.225132,
        1544.46
      ],
      [
        -118.051917,
        34.225226,
        1553.02
      ],
      [
        -118.051997,
        34.225361,
        1551.03
      ],
      [
        -118.052124,
        34.225389,
        1555.53
      ],
      [
        -118.052046,
        34.22529,
        1557.9
      ],
      [
        -118.052043,
        34.225169,
        1564.2
      ],
      [
        -118.051807,
        34.224999,
        1563.9
      ],
      [
        -118.051648,
        34.224698,
        1569.36
      ],
      [
        -118.051517,
        34.224407,
        1573.26
      ],
      [
        -118.051538,
        34.224148,
        1575.34
      ],
      [
        -118.051592,
        34.224094,
        1575.1
      ],
      [
        -118.051659,
        34.22425,
        1580.57
      ],
      [
        -118.051891,
        34.224545,
        1589.52
      ],
      [
        -118.052062,
        34.224654,
        1593.09
      ],
      [
        -118.052198,
        34.224808,
        1595.47
      ],
      [
        -118.052334,
        34.224865,
        1599.31
      ],
      [
        -118.052534,
        34.22495,
        1601.65
      ],
      [
        -118.052594,
        34.224909,
        1606.5
      ],
      [
        -118.052434,
        34.224734,
        1608.68
      ],
      [
        -118.052428,
        34.224589,
        1611
      ],
      [
        -118.052444,
        34.224506,
        1610.3
      ],
      [
        -118.052528,
        34.224444,
        1610.09
      ],
      [
        -118.052806,
        34.224438,
        1614.32
      ],
      [
        -118.053085,
        34.224431,
        1622.98
      ],
      [
        -118.053504,
        34.224241,
        1626.98
      ],
      [
        -118.053847,
        34.224243,
        1633.28
      ],
      [
        -118.054029,
        34.224243,
        1639.3
      ],
      [
        -118.054265,
        34.224154,
        1641.62
      ],
      [
        -118.054122,
        34.224344,
        1653.15
      ],
      [
        -118.053973,
        34.224416,
        1651.45
      ],
      [
        -118.053763,
        34.224464,
        1651.81
      ],
      [
        -118.053728,
        34.224547,
        1657.82
      ],
      [
        -118.053962,
        34.224549,
        1662.19
      ],
      [
        -118.054121,
        34.224591,
        1669.45
      ],
      [
        -118.054312,
        34.224463,
        1671.75
      ],
      [
        -118.054686,
        34.224368,
        1675.64
      ],
      [
        -118.054767,
        34.224406,
        1677.21
      ],
      [
        -118.05463,
        34.224484,
        1684.11
      ],
      [
        -118.054611,
        34.224534,
        1686.89
      ],
      [
        -118.054743,
        34.224682,
        1698.23
      ],
      [
        -118.054914,
        34.224558,
        1695.11
      ],
      [
        -118.055117,
        34.22459,
        1703.46
      ],
      [
        -118.055283,
        34.224546,
        1702.59
      ],
      [
        -118.055371,
        34.224565,
        1705.05
      ],
      [
        -118.05548,
        34.224607,
        1710.22
      ],
      [
        -118.055358,
        34.224682,
        1713.9
      ],
      [
        -118.055429,
        34.224758,
        1718.77
      ],
      [
        -118.055499,
        34.224754,
        1719.37
      ],
      [
        -118.055619,
        34.22475,
        1723.28
      ],
      [
        -118.055723,
        34.224821,
        1727.43
      ],
      [
        -118.055899,
        34.224853,
        1729.77
      ],
      [
        -118.056081,
        34.224925,
        1730.3
      ],
      [
        -118.056432,
        34.225177,
        1732.63
      ],
      [
        -118.056554,
        34.225247,
        1732.27
      ],
      [
        -118.056782,
        34.225079,
        1734.04
      ],
      [
        -118.056988,
        34.224956,
        1731.77
      ],
      [
        -118.057071,
        34.224882,
        1731.07
      ],
      [
        -118.057092,
        34.224841,
        1731.36
      ],
      [
        -118.05735,
        34.224968,
        1730.36
      ],
      [
        -118.057513,
        34.224955,
        1729.24
      ],
      [
        -118.057729,
        34.224891,
        1727.24
      ],
      [
        -118.058024,
        34.224785,
        1727.26
      ],
      [
        -118.058205,
        34.224727,
        1725.77
      ],
      [
        -118.058327,
        34.224671,
        1726.2
      ],
      [
        -118.058425,
        34.224657,
        1727.15
      ],
      [
        -118.058537,
        34.224692,
        1727.87
      ],
      [
        -118.058641,
        34.224781,
        1726.95
      ],
      [
        -118.05876,
        34.224796,
        1725.53
      ],
      [
        -118.05881,
        34.22476,
        1724.48
      ],
      [
        -118.058843,
        34.224684,
        1723.76
      ],
      [
        -118.058873,
        34.224548,
        1725.67
      ],
      [
        -118.058936,
        34.224479,
        1726.97
      ],
      [
        -118.059018,
        34.224459,
        1726.18
      ],
      [
        -118.059143,
        34.224413,
        1724.48
      ],
      [
        -118.059215,
        34.224347,
        1722.37
      ],
      [
        -118.059248,
        34.224248,
        1721.37
      ],
      [
        -118.059249,
        34.224137,
        1721.12
      ],
      [
        -118.059293,
        34.224076,
        1721.67
      ],
      [
        -118.059375,
        34.224041,
        1720.95
      ],
      [
        -118.059522,
        34.224031,
        1718.12
      ],
      [
        -118.059712,
        34.224039,
        1716.14
      ],
      [
        -118.059912,
        34.224103,
        1718.7
      ],
      [
        -118.060083,
        34.224198,
        1720.98
      ],
      [
        -118.06012,
        34.224134,
        1722.33
      ],
      [
        -118.060174,
        34.224081,
        1722.24
      ],
      [
        -118.060244,
        34.224056,
        1722.94
      ],
      [
        -118.060336,
        34.22405,
        1724.51
      ],
      [
        -118.06043,
        34.224029,
        1727.19
      ],
      [
        -118.060535,
        34.223984,
        1729.81
      ],
      [
        -118.060594,
        34.223913,
        1729.34
      ],
      [
        -118.060671,
        34.223851,
        1730.99
      ],
      [
        -118.060791,
        34.223824,
        1731.16
      ],
      [
        -118.06098,
        34.223888,
        1732.73
      ],
      [
        -118.061072,
        34.223934,
        1734.19
      ],
      [
        -118.061098,
        34.224107,
        1736.44
      ],
      [
        -118.061198,
        34.224202,
        1735.97
      ],
      [
        -118.061241,
        34.224202,
        1735.85
      ],
      [
        -118.061323,
        34.224202,
        1735.62
      ],
      [
        -118.061513,
        34.224165,
        1734.73
      ],
      [
        -118.061817,
        34.224077,
        1731.68
      ],
      [
        -118.061906,
        34.223986,
        1730.37
      ],
      [
        -118.062257,
        34.223717,
        1726.51
      ],
      [
        -118.06242,
        34.223734,
        1725
      ],
      [
        -118.062569,
        34.223786,
        1725
      ],
      [
        -118.062685,
        34.223922,
        1725
      ],
      [
        -118.062867,
        34.224062,
        1724.88
      ],
      [
        -118.062956,
        34.224155,
        1724.88
      ],
      [
        -118.063202,
        34.224347,
        1725.19
      ],
      [
        -118.063404,
        34.224527,
        1726.06
      ],
      [
        -118.063777,
        34.22494,
        1724.75
      ],
      [
        -118.063934,
        34.225087,
        1723.81
      ],
      [
        -118.064101,
        34.225137,
        1722.92
      ],
      [
        -118.064337,
        34.225192,
        1722.14
      ],
      [
        -118.06434,
        34.225345,
        1722.49
      ],
      [
        -118.064391,
        34.225464,
        1723.01
      ],
      [
        -118.064487,
        34.225555,
        1723.69
      ],
      [
        -118.064733,
        34.225712,
        1723.75
      ],
      [
        -118.064987,
        34.225894,
        1722.52
      ],
      [
        -118.065226,
        34.226118,
        1723
      ],
      [
        -118.065528,
        34.226445,
        1724.57
      ],
      [
        -118.065964,
        34.22687,
        1722.85
      ],
      [
        -118.066248,
        34.227154,
        1723.85
      ],
      [
        -118.066387,
        34.227244,
        1723.84
      ],
      [
        -118.0666,
        34.227329,
        1724.5
      ],
      [
        -118.066874,
        34.227417,
        1722.64
      ],
      [
        -118.067213,
        34.227483,
        1720.76
      ],
      [
        -118.067438,
        34.227561,
        1720.02
      ],
      [
        -118.067646,
        34.227658,
        1719.29
      ],
      [
        -118.067739,
        34.227692,
        1718.84
      ],
      [
        -118.067903,
        34.227911,
        1717.97
      ],
      [
        -118.068341,
        34.228494,
        1714.34
      ],
      [
        -118.068662,
        34.228854,
        1711.84
      ],
      [
        -118.06889,
        34.229028,
        1710.69
      ],
      [
        -118.069127,
        34.229152,
        1709.06
      ],
      [
        -118.06941,
        34.22926,
        1705.85
      ],
      [
        -118.069716,
        34.229324,
        1703.13
      ],
      [
        -118.070075,
        34.22936,
        1701.96
      ],
      [
        -118.07027,
        34.229426,
        1699.94
      ],
      [
        -118.07039,
        34.229517,
        1698.85
      ],
      [
        -118.070465,
        34.229613,
        1698.98
      ],
      [
        -118.070526,
        34.229724,
        1698.38
      ],
      [
        -118.070879,
        34.230641,
        1695.74
      ],
      [
        -118.07103,
        34.231058,
        1696.76
      ],
      [
        -118.071061,
        34.231264,
        1696.59
      ],
      [
        -118.070934,
        34.231703,
        1694.64
      ],
      [
        -118.07089,
        34.231925,
        1694.94
      ],
      [
        -118.070912,
        34.232094,
        1695.13
      ],
      [
        -118.070972,
        34.232219,
        1694.12
      ],
      [
        -118.071094,
        34.232381,
        1693.73
      ],
      [
        -118.071217,
        34.232518,
        1692.63
      ],
      [
        -118.071327,
        34.232574,
        1693.6
      ],
      [
        -118.071471,
        34.232609,
        1693.5
      ],
      [
        -118.071839,
        34.232566,
        1694.91
      ],
      [
        -118.071945,
        34.232586,
        1694.56
      ],
      [
        -118.072038,
        34.232621,
        1693.18
      ],
      [
        -118.072138,
        34.232679,
        1693.42
      ],
      [
        -118.072297,
        34.232826,
        1691.6
      ],
      [
        -118.072376,
        34.232889,
        1690.74
      ],
      [
        -118.072454,
        34.232921,
        1689.29
      ],
      [
        -118.07254,
        34.232934,
        1689.3
      ],
      [
        -118.072809,
        34.232943,
        1690.18
      ],
      [
        -118.072997,
        34.232969,
        1691.4
      ],
      [
        -118.073119,
        34.233008,
        1690.81
      ],
      [
        -118.073273,
        34.233099,
        1685.86
      ],
      [
        -118.073373,
        34.233147,
        1685.5
      ],
      [
        -118.073492,
        34.23316,
        1684.02
      ],
      [
        -118.073612,
        34.233131,
        1683.18
      ],
      [
        -118.073848,
        34.233007,
        1682.83
      ],
      [
        -118.073961,
        34.232974,
        1683.91
      ],
      [
        -118.074089,
        34.23298,
        1682.25
      ],
      [
        -118.074227,
        34.233015,
        1681.89
      ],
      [
        -118.074383,
        34.233083,
        1681.79
      ],
      [
        -118.074508,
        34.233186,
        1680.44
      ],
      [
        -118.07463,
        34.233317,
        1678.18
      ],
      [
        -118.074731,
        34.233393,
        1678.3
      ],
      [
        -118.074836,
        34.233437,
        1678.23
      ],
      [
        -118.075072,
        34.233497,
        1677.12
      ],
      [
        -118.075217,
        34.233572,
        1677
      ],
      [
        -118.075343,
        34.23369,
        1673.77
      ],
      [
        -118.075425,
        34.233847,
        1671.08
      ],
      [
        -118.075444,
        34.233998,
        1667.61
      ],
      [
        -118.07547,
        34.234116,
        1667.52
      ],
      [
        -118.075517,
        34.234173,
        1668.11
      ],
      [
        -118.075593,
        34.23421,
        1669.11
      ],
      [
        -118.075788,
        34.234238,
        1670.03
      ],
      [
        -118.07598,
        34.234276,
        1669.98
      ],
      [
        -118.076125,
        34.234336,
        1666.8
      ],
      [
        -118.076241,
        34.23441,
        1667.42
      ],
      [
        -118.07633,
        34.234504,
        1665.01
      ],
      [
        -118.076493,
        34.234817,
        1657.41
      ],
      [
        -118.076559,
        34.234883,
        1656.75
      ],
      [
        -118.076643,
        34.23493,
        1655.39
      ],
      [
        -118.076807,
        34.234952,
        1653.22
      ],
      [
        -118.076929,
        34.234941,
        1651.82
      ],
      [
        -118.077151,
        34.234867,
        1649.91
      ],
      [
        -118.077327,
        34.234847,
        1649.09
      ],
      [
        -118.077738,
        34.234904,
        1648.55
      ],
      [
        -118.077968,
        34.235006,
        1645.65
      ],
      [
        -118.078282,
        34.235166,
        1643.92
      ],
      [
        -118.078411,
        34.235277,
        1642.25
      ],
      [
        -118.078507,
        34.235377,
        1640.35
      ],
      [
        -118.078617,
        34.235441,
        1638.4
      ],
      [
        -118.078863,
        34.235535,
        1638.3
      ],
      [
        -118.07901,
        34.235626,
        1638.42
      ],
      [
        -118.079219,
        34.235813,
        1636.27
      ],
      [
        -118.079333,
        34.23593,
        1634.71
      ],
      [
        -118.079443,
        34.235973,
        1632.36
      ],
      [
        -118.0797,
        34.235986,
        1630.87
      ],
      [
        -118.079898,
        34.236037,
        1629.52
      ],
      [
        -118.080025,
        34.236059,
        1627.82
      ],
      [
        -118.080152,
        34.236041,
        1627.78
      ],
      [
        -118.08034,
        34.235988,
        1626.57
      ],
      [
        -118.080443,
        34.235966,
        1625.77
      ],
      [
        -118.080632,
        34.235966,
        1624.57
      ],
      [
        -118.080819,
        34.236001,
        1623.74
      ],
      [
        -118.081013,
        34.236063,
        1623.51
      ],
      [
        -118.081157,
        34.236138,
        1620.71
      ],
      [
        -118.081396,
        34.236342,
        1620.87
      ],
      [
        -118.081585,
        34.236432,
        1615.77
      ],
      [
        -118.081851,
        34.236514,
        1614.18
      ],
      [
        -118.082101,
        34.236568,
        1613.35
      ],
      [
        -118.082352,
        34.236622,
        1618.17
      ],
      [
        -118.082452,
        34.236634,
        1618.42
      ],
      [
        -118.082573,
        34.236625,
        1616.83
      ],
      [
        -118.082662,
        34.236573,
        1614.17
      ],
      [
        -118.082747,
        34.236508,
        1612.73
      ],
      [
        -118.082866,
        34.236482,
        1610.84
      ],
      [
        -118.083044,
        34.236513,
        1609.8
      ],
      [
        -118.08316,
        34.236538,
        1606.77
      ],
      [
        -118.083278,
        34.236527,
        1606.73
      ],
      [
        -118.083462,
        34.236473,
        1608.55
      ],
      [
        -118.083654,
        34.236482,
        1608.25
      ],
      [
        -118.083832,
        34.236537,
        1608.49
      ],
      [
        -118.083959,
        34.236595,
        1610.47
      ],
      [
        -118.08407,
        34.236734,
        1609.91
      ],
      [
        -118.084269,
        34.237098,
        1613.57
      ],
      [
        -118.084321,
        34.237234,
        1615.56
      ],
      [
        -118.084299,
        34.237419,
        1609.63
      ],
      [
        -118.084298,
        34.237547,
        1604.87
      ],
      [
        -118.084352,
        34.237602,
        1603.2
      ],
      [
        -118.084463,
        34.237638,
        1602.48
      ],
      [
        -118.08469,
        34.237687,
        1600.5
      ],
      [
        -118.084795,
        34.237694,
        1600.11
      ],
      [
        -118.084963,
        34.237668,
        1600.93
      ],
      [
        -118.085095,
        34.237676,
        1600.48
      ],
      [
        -118.085216,
        34.237712,
        1602.15
      ],
      [
        -118.085333,
        34.237774,
        1602.7
      ],
      [
        -118.085496,
        34.237882,
        1600.57
      ],
      [
        -118.085735,
        34.238033,
        1600.65
      ],
      [
        -118.085957,
        34.238115,
        1597.98
      ],
      [
        -118.086314,
        34.238308,
        1596.38
      ],
      [
        -118.086485,
        34.238379,
        1594.07
      ],
      [
        -118.086821,
        34.238414,
        1592.07
      ],
      [
        -118.087212,
        34.238492,
        1591.42
      ],
      [
        -118.087481,
        34.238565,
        1588.34
      ],
      [
        -118.087749,
        34.238639,
        1587.77
      ],
      [
        -118.088048,
        34.238663,
        1584.99
      ],
      [
        -118.088233,
        34.238685,
        1583.13
      ],
      [
        -118.088443,
        34.238734,
        1582.79
      ],
      [
        -118.089073,
        34.238891,
        1578.53
      ],
      [
        -118.089288,
        34.238968,
        1576.84
      ],
      [
        -118.089499,
        34.239009,
        1576.37
      ],
      [
        -118.089693,
        34.239018,
        1575.5
      ],
      [
        -118.089977,
        34.238986,
        1572.85
      ],
      [
        -118.090454,
        34.238884,
        1570.97
      ],
      [
        -118.09075,
        34.238789,
        1569.75
      ],
      [
        -118.090921,
        34.238786,
        1568.64
      ],
      [
        -118.091121,
        34.238819,
        1567.01
      ],
      [
        -118.091816,
        34.239035,
        1563.23
      ],
      [
        -118.092141,
        34.239107,
        1560.46
      ],
      [
        -118.092493,
        34.239174,
        1559.09
      ],
      [
        -118.093002,
        34.239246,
        1556.51
      ],
      [
        -118.093097,
        34.239273,
        1556.85
      ],
      [
        -118.093184,
        34.239315,
        1558
      ],
      [
        -118.093236,
        34.239357,
        1558
      ],
      [
        -118.093356,
        34.239293,
        1558.04
      ],
      [
        -118.093428,
        34.239235,
        1558.88
      ],
      [
        -118.093476,
        34.239221,
        1559.44
      ],
      [
        -118.093661,
        34.239187,
        1562.5
      ],
      [
        -118.093712,
        34.239194,
        1563.92
      ],
      [
        -118.093777,
        34.239235,
        1563.74
      ],
      [
        -118.09385,
        34.239319,
        1565.1
      ],
      [
        -118.093942,
        34.239481,
        1563.99
      ],
      [
        -118.093917,
        34.239751,
        1563.94
      ],
      [
        -118.093894,
        34.239833,
        1564.36
      ],
      [
        -118.093834,
        34.239973,
        1567.19
      ],
      [
        -118.093826,
        34.240075,
        1568.79
      ],
      [
        -118.093853,
        34.240225,
        1570.33
      ],
      [
        -118.093914,
        34.240436,
        1572.37
      ],
      [
        -118.09394,
        34.240497,
        1573.38
      ],
      [
        -118.094053,
        34.240611,
        1573.99
      ],
      [
        -118.09417,
        34.240654,
        1576.1
      ],
      [
        -118.094254,
        34.240677,
        1578.93
      ],
      [
        -118.094363,
        34.240687,
        1580.76
      ],
      [
        -118.094439,
        34.240685,
        1578.55
      ],
      [
        -118.094469,
        34.24069,
        1578
      ],
      [
        -118.094498,
        34.240701,
        1577.81
      ],
      [
        -118.094578,
        34.240749,
        1577.45
      ],
      [
        -118.094663,
        34.240819,
        1581.76
      ],
      [
        -118.094696,
        34.240836,
        1582.7
      ],
      [
        -118.094874,
        34.240897,
        1582.84
      ],
      [
        -118.094971,
        34.240921,
        1584.45
      ],
      [
        -118.095068,
        34.240937,
        1585.46
      ],
      [
        -118.095183,
        34.240933,
        1583.92
      ],
      [
        -118.095243,
        34.24094,
        1584.54
      ],
      [
        -118.095298,
        34.240938,
        1587.23
      ],
      [
        -118.095366,
        34.240917,
        1588.58
      ],
      [
        -118.095526,
        34.24083,
        1586.25
      ],
      [
        -118.095612,
        34.240815,
        1587.37
      ],
      [
        -118.095642,
        34.240812,
        1586.39
      ],
      [
        -118.09575,
        34.24083,
        1585.61
      ],
      [
        -118.095818,
        34.240853,
        1584.66
      ],
      [
        -118.095849,
        34.240882,
        1584.68
      ],
      [
        -118.095911,
        34.240992,
        1587.33
      ],
      [
        -118.095929,
        34.241005,
        1587.14
      ],
      [
        -118.095997,
        34.241032,
        1591.58
      ],
      [
        -118.096074,
        34.241042,
        1596.41
      ],
      [
        -118.096134,
        34.241044,
        1595.98
      ],
      [
        -118.096708,
        34.24087,
        1591.63
      ],
      [
        -118.096902,
        34.240783,
        1589.76
      ],
      [
        -118.096964,
        34.240722,
        1588.7
      ],
      [
        -118.096988,
        34.240682,
        1588.05
      ],
      [
        -118.097012,
        34.240603,
        1583.99
      ],
      [
        -118.09704,
        34.240469,
        1582.71
      ],
      [
        -118.09715,
        34.240352,
        1584.83
      ],
      [
        -118.097204,
        34.240322,
        1586.19
      ],
      [
        -118.097379,
        34.240265,
        1590.06
      ],
      [
        -118.097722,
        34.240161,
        1591.73
      ],
      [
        -118.097882,
        34.240158,
        1593.32
      ],
      [
        -118.098228,
        34.240273,
        1599.59
      ],
      [
        -118.098596,
        34.240319,
        1601.34
      ],
      [
        -118.098674,
        34.240317,
        1601.71
      ],
      [
        -118.098773,
        34.240261,
        1603.65
      ],
      [
        -118.098835,
        34.24019,
        1603.48
      ],
      [
        -118.098874,
        34.240077,
        1603.07
      ],
      [
        -118.098886,
        34.239859,
        1602.89
      ],
      [
        -118.098923,
        34.23968,
        1604.99
      ],
      [
        -118.098987,
        34.23957,
        1606.26
      ],
      [
        -118.09915,
        34.239397,
        1609.82
      ],
      [
        -118.09931,
        34.239202,
        1611.03
      ],
      [
        -118.099377,
        34.23908,
        1611.73
      ],
      [
        -118.09956,
        34.23889,
        1609.26
      ],
      [
        -118.10018,
        34.238474,
        1603.68
      ],
      [
        -118.100291,
        34.23834,
        1605.07
      ],
      [
        -118.100476,
        34.238174,
        1603.25
      ],
      [
        -118.100845,
        34.238042,
        1598.54
      ],
      [
        -118.101046,
        34.237897,
        1598.66
      ],
      [
        -118.101303,
        34.237784,
        1596.57
      ],
      [
        -118.101586,
        34.237607,
        1596.14
      ],
      [
        -118.101733,
        34.237563,
        1593.39
      ],
      [
        -118.102012,
        34.237512,
        1589.89
      ],
      [
        -118.102132,
        34.237455,
        1591.18
      ],
      [
        -118.102346,
        34.237277,
        1590.35
      ],
      [
        -118.102463,
        34.237233,
        1588.13
      ],
      [
        -118.102657,
        34.237207,
        1587.05
      ],
      [
        -118.102737,
        34.237161,
        1587.47
      ],
      [
        -118.102843,
        34.237054,
        1588.28
      ],
      [
        -118.103116,
        34.236915,
        1584.67
      ],
      [
        -118.103223,
        34.23679,
        1585.42
      ],
      [
        -118.103271,
        34.236524,
        1585.24
      ],
      [
        -118.103274,
        34.236359,
        1584.82
      ],
      [
        -118.103304,
        34.236257,
        1583.23
      ],
      [
        -118.103388,
        34.23616,
        1580.66
      ],
      [
        -118.103542,
        34.236038,
        1577.74
      ],
      [
        -118.103705,
        34.235931,
        1576.08
      ],
      [
        -118.103872,
        34.235884,
        1574.08
      ],
      [
        -118.104346,
        34.235879,
        1569.44
      ],
      [
        -118.104499,
        34.235895,
        1569.2
      ],
      [
        -118.1046,
        34.235893,
        1568.99
      ],
      [
        -118.104688,
        34.23584,
        1570.86
      ],
      [
        -118.10482,
        34.235725,
        1570.94
      ],
      [
        -118.104959,
        34.235664,
        1569.23
      ],
      [
        -118.105003,
        34.235627,
        1569.84
      ],
      [
        -118.105009,
        34.235482,
        1573.6
      ],
      [
        -118.105066,
        34.235347,
        1570.49
      ],
      [
        -118.105287,
        34.234994,
        1567.03
      ],
      [
        -118.105482,
        34.23482,
        1563.36
      ],
      [
        -118.105463,
        34.234238,
        1565.73
      ],
      [
        -118.105615,
        34.234073,
        1563.59
      ],
      [
        -118.105874,
        34.234054,
        1563.02
      ],
      [
        -118.106145,
        34.234104,
        1560.59
      ],
      [
        -118.106429,
        34.234226,
        1557.27
      ],
      [
        -118.106725,
        34.234286,
        1556.8
      ],
      [
        -118.107318,
        34.234406,
        1552.69
      ],
      [
        -118.108086,
        34.234429,
        1547.47
      ],
      [
        -118.10835,
        34.234482,
        1546.74
      ],
      [
        -118.108625,
        34.234446,
        1547.4
      ],
      [
        -118.109174,
        34.234374,
        1542.83
      ],
      [
        -118.109477,
        34.234302,
        1542.3
      ],
      [
        -118.109779,
        34.23423,
        1539.36
      ],
      [
        -118.110081,
        34.234158,
        1540.09
      ],
      [
        -118.110452,
        34.234142,
        1533.23
      ],
      [
        -118.11112,
        34.234196,
        1530.95
      ],
      [
        -118.111914,
        34.234192,
        1526.92
      ],
      [
        -118.112214,
        34.234252,
        1521.72
      ],
      [
        -118.112814,
        34.234372,
        1519.02
      ],
      [
        -118.113264,
        34.23426,
        1518.92
      ],
      [
        -118.113541,
        34.234314,
        1511.76
      ],
      [
        -118.114094,
        34.234421,
        1513.42
      ],
      [
        -118.114403,
        34.234351,
        1514.94
      ],
      [
        -118.114713,
        34.234282,
        1511.58
      ],
      [
        -118.115011,
        34.234335,
        1505.83
      ],
      [
        -118.115308,
        34.234387,
        1504.09
      ],
      [
        -118.115643,
        34.234326,
        1505.78
      ],
      [
        -118.115977,
        34.234265,
        1501.56
      ],
      [
        -118.116222,
        34.234265,
        1497.33
      ],
      [
        -118.116784,
        34.234444,
        1497.5
      ],
      [
        -118.117065,
        34.234533,
        1488.26
      ],
      [
        -118.117276,
        34.234561,
        1487.46
      ],
      [
        -118.117607,
        34.234474,
        1491.97
      ],
      [
        -118.117641,
        34.234424,
        1491.71
      ],
      [
        -118.118019,
        34.234325,
        1486.83
      ],
      [
        -118.118235,
        34.234346,
        1490.17
      ],
      [
        -118.118506,
        34.234411,
        1493.63
      ],
      [
        -118.118776,
        34.234476,
        1494.32
      ],
      [
        -118.119098,
        34.234592,
        1493.58
      ],
      [
        -118.119365,
        34.234779,
        1489.5
      ],
      [
        -118.119523,
        34.234956,
        1486.45
      ],
      [
        -118.119719,
        34.235077,
        1484.07
      ],
      [
        -118.120012,
        34.235131,
        1479.9
      ],
      [
        -118.120259,
        34.23524,
        1475.02
      ],
      [
        -118.120506,
        34.23535,
        1474.19
      ],
      [
        -118.12066,
        34.235532,
        1467.64
      ],
      [
        -118.120815,
        34.235715,
        1458.21
      ],
      [
        -118.121191,
        34.235834,
        1446.72
      ],
      [
        -118.121503,
        34.235727,
        1449.32
      ],
      [
        -118.121638,
        34.235639,
        1449.32
      ],
      [
        -118.121897,
        34.235648,
        1441.2
      ],
      [
        -118.122326,
        34.235547,
        1436.51
      ],
      [
        -118.12261,
        34.23561,
        1430.03
      ],
      [
        -118.122879,
        34.235626,
        1421.95
      ],
      [
        -118.122996,
        34.235718,
        1416.44
      ],
      [
        -118.123189,
        34.23584,
        1413.59
      ],
      [
        -118.123386,
        34.236025,
        1409.19
      ],
      [
        -118.123641,
        34.2361,
        1408.61
      ],
      [
        -118.123929,
        34.236278,
        1401.83
      ],
      [
        -118.124199,
        34.236184,
        1401.41
      ],
      [
        -118.12434,
        34.236139,
        1399.26
      ],
      [
        -118.124398,
        34.236009,
        1400.95
      ],
      [
        -118.12467,
        34.235851,
        1391.84
      ],
      [
        -118.124942,
        34.235692,
        1386.56
      ],
      [
        -118.12509,
        34.23567,
        1380.41
      ],
      [
        -118.125384,
        34.235727,
        1371.8
      ],
      [
        -118.125682,
        34.235723,
        1366.53
      ],
      [
        -118.125776,
        34.235721,
        1363.41
      ],
      [
        -118.125872,
        34.235502,
        1363.4
      ],
      [
        -118.125937,
        34.235543,
        1360.17
      ],
      [
        -118.125942,
        34.235706,
        1357.4
      ],
      [
        -118.125865,
        34.235848,
        1354.66
      ],
      [
        -118.125779,
        34.235939,
        1350.57
      ],
      [
        -118.1258,
        34.236086,
        1338.58
      ],
      [
        -118.125992,
        34.236095,
        1333.96
      ],
      [
        -118.126271,
        34.235995,
        1330.02
      ],
      [
        -118.126528,
        34.23593,
        1326.76
      ],
      [
        -118.126658,
        34.235823,
        1326.39
      ],
      [
        -118.126641,
        34.235542,
        1322.99
      ],
      [
        -118.126766,
        34.235573,
        1317.7
      ],
      [
        -118.126899,
        34.235708,
        1314.93
      ],
      [
        -118.127033,
        34.235824,
        1309.78
      ],
      [
        -118.127045,
        34.235999,
        1304.02
      ],
      [
        -118.127082,
        34.2361,
        1297.58
      ],
      [
        -118.127308,
        34.236103,
        1286.9
      ],
      [
        -118.127682,
        34.235992,
        1283.64
      ],
      [
        -118.127755,
        34.235977,
        1282.85
      ],
      [
        -118.127801,
        34.235913,
        1283.58
      ],
      [
        -118.127793,
        34.235804,
        1284.07
      ],
      [
        -118.127745,
        34.23571,
        1284.53
      ],
      [
        -118.127774,
        34.235632,
        1281.73
      ],
      [
        -118.127736,
        34.235542,
        1281.35
      ],
      [
        -118.127646,
        34.235485,
        1282.93
      ],
      [
        -118.127497,
        34.235401,
        1282.3
      ],
      [
        -118.127491,
        34.235369,
        1280.3
      ],
      [
        -118.12755,
        34.235377,
        1278.87
      ],
      [
        -118.127639,
        34.235417,
        1278.86
      ],
      [
        -118.127878,
        34.235478,
        1273.71
      ],
      [
        -118.127971,
        34.23549,
        1270.68
      ],
      [
        -118.128132,
        34.23561,
        1268.06
      ],
      [
        -118.128226,
        34.23572,
        1266.71
      ],
      [
        -118.128334,
        34.235723,
        1264.55
      ],
      [
        -118.128574,
        34.235679,
        1261.28
      ],
      [
        -118.128737,
        34.235686,
        1258.56
      ],
      [
        -118.128837,
        34.235774,
        1256.82
      ],
      [
        -118.128996,
        34.23583,
        1255.64
      ],
      [
        -118.128992,
        34.235918,
        1254.25
      ],
      [
        -118.129067,
        34.236007,
        1252.5
      ],
      [
        -118.129239,
        34.236101,
        1247.95
      ],
      [
        -118.129386,
        34.236149,
        1243.93
      ],
      [
        -118.129584,
        34.236174,
        1240.52
      ],
      [
        -118.129799,
        34.236144,
        1238.52
      ],
      [
        -118.129872,
        34.236094,
        1237.09
      ],
      [
        -118.129968,
        34.23578,
        1236.2
      ],
      [
        -118.130033,
        34.23557,
        1237.69
      ],
      [
        -118.130033,
        34.235678,
        1235.46
      ],
      [
        -118.130033,
        34.23557,
        1237.69
      ],
      [
        -118.12985,
        34.235479,
        1239.8
      ],
      [
        -118.129528,
        34.235406,
        1237.8
      ],
      [
        -118.129183,
        34.235234,
        1233.42
      ],
      [
        -118.128919,
        34.23504,
        1226.45
      ],
      [
        -118.1287,
        34.235047,
        1227.77
      ],
      [
        -118.128646,
        34.234708,
        1211.53
      ],
      [
        -118.12831,
        34.234674,
        1219.59
      ],
      [
        -118.128292,
        34.234403,
        1198.06
      ],
      [
        -118.128228,
        34.234259,
        1198.42
      ],
      [
        -118.12825,
        34.23383,
        1193.53
      ],
      [
        -118.128128,
        34.233509,
        1192.1
      ],
      [
        -118.127951,
        34.233176,
        1182.69
      ],
      [
        -118.127916,
        34.232981,
        1181.33
      ],
      [
        -118.128038,
        34.232641,
        1173.79
      ],
      [
        -118.127972,
        34.232554,
        1171.87
      ],
      [
        -118.128027,
        34.232486,
        1166.44
      ],
      [
        -118.12814,
        34.232483,
        1162.08
      ],
      [
        -118.12825,
        34.232612,
        1158.91
      ],
      [
        -118.128299,
        34.232755,
        1160.17
      ],
      [
        -118.128312,
        34.232983,
        1158.47
      ],
      [
        -118.128341,
        34.23304,
        1157.9
      ],
      [
        -118.12866,
        34.233136,
        1148.17
      ],
      [
        -118.128819,
        34.233238,
        1147.69
      ],
      [
        -118.128971,
        34.233491,
        1144.68
      ],
      [
        -118.129152,
        34.233667,
        1149.88
      ],
      [
        -118.129268,
        34.233465,
        1145.68
      ],
      [
        -118.129336,
        34.23331,
        1142.42
      ],
      [
        -118.129425,
        34.233183,
        1143.81
      ],
      [
        -118.129443,
        34.232943,
        1138.95
      ],
      [
        -118.129439,
        34.232807,
        1133.5
      ],
      [
        -118.129499,
        34.232643,
        1122.66
      ],
      [
        -118.129677,
        34.232585,
        1118.15
      ],
      [
        -118.129897,
        34.232598,
        1116.32
      ],
      [
        -118.130129,
        34.232526,
        1106.6
      ],
      [
        -118.13044,
        34.232575,
        1105.82
      ],
      [
        -118.130686,
        34.23251,
        1112.68
      ],
      [
        -118.130697,
        34.232383,
        1113.72
      ],
      [
        -118.130605,
        34.232227,
        1102.58
      ],
      [
        -118.130627,
        34.232095,
        1096.31
      ],
      [
        -118.130775,
        34.232013,
        1102.04
      ],
      [
        -118.130758,
        34.231808,
        1100.23
      ],
      [
        -118.130673,
        34.231579,
        1090.53
      ],
      [
        -118.13064,
        34.231588,
        1090.07
      ],
      [
        -118.130474,
        34.231821,
        1085.5
      ],
      [
        -118.130313,
        34.231933,
        1079.79
      ],
      [
        -118.129953,
        34.231766,
        1064.9
      ],
      [
        -118.129724,
        34.231599,
        1057.85
      ],
      [
        -118.129805,
        34.231538,
        1056.11
      ],
      [
        -118.129991,
        34.231574,
        1062.81
      ],
      [
        -118.130021,
        34.231529,
        1064.33
      ],
      [
        -118.129922,
        34.231335,
        1057.63
      ],
      [
        -118.129986,
        34.231002,
        1048.42
      ],
      [
        -118.129976,
        34.230904,
        1041.75
      ],
      [
        -118.129897,
        34.230901,
        1038.36
      ],
      [
        -118.129699,
        34.231102,
        1038.61
      ],
      [
        -118.129578,
        34.231082,
        1030.78
      ],
      [
        -118.129486,
        34.231007,
        1024.04
      ],
      [
        -118.1296,
        34.230719,
        1013.47
      ],
      [
        -118.129546,
        34.230644,
        1011.76
      ],
      [
        -118.129501,
        34.230623,
        1011.29
      ],
      [
        -118.129414,
        34.230582,
        1014.83
      ],
      [
        -118.129446,
        34.230453,
        1008.07
      ],
      [
        -118.129272,
        34.23002,
        1000.3
      ],
      [
        -118.129159,
        34.229726,
        999.35
      ],
      [
        -118.129228,
        34.2296,
        993.78
      ],
      [
        -118.129153,
        34.229536,
        999.24
      ],
      [
        -118.129215,
        34.229431,
        992.39
      ],
      [
        -118.12891,
        34.22946,
        996.81
      ],
      [
        -118.12879,
        34.229397,
        993.2
      ],
      [
        -118.129069,
        34.229392,
        993.84
      ],
      [
        -118.129132,
        34.22935,
        991.25
      ],
      [
        -118.129129,
        34.229284,
        985.79
      ],
      [
        -118.129077,
        34.22917,
        982.9
      ],
      [
        -118.129188,
        34.229048,
        983.39
      ],
      [
        -118.129408,
        34.229051,
        977.63
      ],
      [
        -118.129503,
        34.229021,
        976.45
      ],
      [
        -118.129543,
        34.228927,
        975.91
      ],
      [
        -118.129582,
        34.228628,
        972.59
      ],
      [
        -118.129664,
        34.228453,
        970.73
      ],
      [
        -118.129851,
        34.228344,
        967.02
      ],
      [
        -118.130027,
        34.228304,
        964.82
      ],
      [
        -118.130417,
        34.228265,
        963.66
      ],
      [
        -118.13073,
        34.228175,
        957.3
      ],
      [
        -118.130892,
        34.228086,
        953.96
      ],
      [
        -118.131159,
        34.227807,
        957.24
      ],
      [
        -118.131118,
        34.227494,
        960.33
      ],
      [
        -118.130877,
        34.227341,
        945.37
      ],
      [
        -118.130636,
        34.227189,
        939.35
      ],
      [
        -118.130231,
        34.227021,
        936.73
      ],
      [
        -118.13,
        34.227119,
        950.68
      ],
      [
        -118.129596,
        34.227071,
        945.48
      ],
      [
        -118.129595,
        34.226905,
        931.77
      ],
      [
        -118.129347,
        34.226887,
        932.84
      ],
      [
        -118.129153,
        34.226811,
        935.59
      ],
      [
        -118.129143,
        34.226737,
        931.34
      ],
      [
        -118.129338,
        34.226754,
        926.42
      ],
      [
        -118.129524,
        34.226734,
        926.72
      ],
      [
        -118.129429,
        34.226657,
        926.28
      ],
      [
        -118.129329,
        34.22664,
        922.72
      ],
      [
        -118.129168,
        34.226615,
        924.25
      ],
      [
        -118.12912,
        34.226532,
        922.16
      ],
      [
        -118.129192,
        34.226256,
        916.79
      ],
      [
        -118.129188,
        34.226149,
        918.99
      ],
      [
        -118.129311,
        34.225956,
        914.46
      ],
      [
        -118.12928,
        34.225706,
        903.4
      ],
      [
        -118.129348,
        34.225505,
        892.75
      ],
      [
        -118.129416,
        34.225304,
        887.46
      ],
      [
        -118.129524,
        34.225248,
        888.35
      ],
      [
        -118.129645,
        34.225117,
        878.86
      ],
      [
        -118.129984,
        34.224944,
        871.53
      ],
      [
        -118.130018,
        34.224876,
        873.04
      ],
      [
        -118.130096,
        34.224809,
        871.13
      ],
      [
        -118.130176,
        34.224831,
        866.43
      ],
      [
        -118.130246,
        34.224832,
        866.93
      ],
      [
        -118.130345,
        34.224761,
        864.96
      ],
      [
        -118.130365,
        34.22466,
        861.06
      ],
      [
        -118.130362,
        34.224598,
        859.41
      ],
      [
        -118.130298,
        34.224388,
        857.26
      ],
      [
        -118.130332,
        34.224373,
        856.31
      ],
      [
        -118.130381,
        34.224368,
        856.52
      ],
      [
        -118.130415,
        34.224385,
        856.1
      ],
      [
        -118.130563,
        34.22449,
        854.14
      ],
      [
        -118.13064,
        34.224534,
        852.47
      ],
      [
        -118.130698,
        34.224549,
        851.18
      ],
      [
        -118.130777,
        34.224485,
        852.67
      ],
      [
        -118.130861,
        34.224471,
        852.12
      ],
      [
        -118.131001,
        34.224439,
        848.59
      ],
      [
        -118.131187,
        34.224333,
        843.99
      ],
      [
        -118.131346,
        34.223961,
        842.05
      ],
      [
        -118.131463,
        34.223877,
        839.75
      ],
      [
        -118.13153,
        34.223729,
        838.84
      ],
      [
        -118.131685,
        34.22362,
        835.02
      ],
      [
        -118.132071,
        34.223315,
        827.58
      ],
      [
        -118.132182,
        34.223191,
        824.97
      ],
      [
        -118.132292,
        34.223149,
        824.18
      ],
      [
        -118.132416,
        34.223075,
        824.49
      ],
      [
        -118.132467,
        34.222995,
        824.34
      ],
      [
        -118.132474,
        34.222937,
        822.55
      ],
      [
        -118.132496,
        34.222891,
        821.39
      ],
      [
        -118.132533,
        34.222851,
        820.38
      ],
      [
        -118.132593,
        34.222761,
        820.79
      ],
      [
        -118.132609,
        34.222584,
        815.39
      ],
      [
        -118.132686,
        34.2225,
        814.74
      ],
      [
        -118.132757,
        34.22245,
        813.53
      ],
      [
        -118.132815,
        34.222374,
        813.52
      ],
      [
        -118.132831,
        34.222282,
        811.7
      ],
      [
        -118.13287,
        34.222158,
        811.09
      ],
      [
        -118.132903,
        34.222042,
        813.13
      ],
      [
        -118.132893,
        34.221946,
        811.31
      ],
      [
        -118.132878,
        34.221901,
        809.14
      ],
      [
        -118.132852,
        34.221863,
        806.71
      ],
      [
        -118.132862,
        34.221801,
        804.04
      ],
      [
        -118.132957,
        34.221704,
        803.95
      ],
      [
        -118.132956,
        34.221688,
        803.13
      ],
      [
        -118.132857,
        34.221728,
        799.62
      ],
      [
        -118.132882,
        34.221687,
        799.01
      ],
      [
        -118.132904,
        34.221575,
        794.8
      ],
      [
        -118.132901,
        34.221502,
        793.41
      ],
      [
        -118.132767,
        34.221407,
        783.66
      ],
      [
        -118.132731,
        34.221309,
        780.92
      ],
      [
        -118.132848,
        34.221054,
        774
      ],
      [
        -118.132961,
        34.22094,
        769.6
      ],
      [
        -118.133038,
        34.220843,
        766.65
      ],
      [
        -118.133037,
        34.220539,
        760.63
      ],
      [
        -118.133128,
        34.220376,
        761.25
      ],
      [
        -118.13315,
        34.22013,
        760.07
      ],
      [
        -118.133118,
        34.220061,
        755.5
      ],
      [
        -118.133232,
        34.219964,
        754.27
      ],
      [
        -118.133213,
        34.219915,
        752.83
      ],
      [
        -118.133248,
        34.219865,
        751.09
      ],
      [
        -118.133215,
        34.219804,
        751.97
      ],
      [
        -118.13321,
        34.219757,
        752.57
      ],
      [
        -118.133289,
        34.219704,
        750.36
      ],
      [
        -118.133422,
        34.219616,
        750.19
      ],
      [
        -118.13361,
        34.219572,
        746.21
      ],
      [
        -118.133723,
        34.219539,
        745.28
      ],
      [
        -118.133857,
        34.219455,
        743.37
      ],
      [
        -118.133966,
        34.219345,
        744.39
      ],
      [
        -118.134068,
        34.219317,
        741.92
      ],
      [
        -118.134225,
        34.219165,
        738.19
      ],
      [
        -118.13442,
        34.219204,
        735.09
      ],
      [
        -118.13448,
        34.219241,
        734.52
      ],
      [
        -118.134501,
        34.219286,
        735
      ],
      [
        -118.134487,
        34.219438,
        732.59
      ],
      [
        -118.134546,
        34.219638,
        733.69
      ],
      [
        -118.134532,
        34.219716,
        732.19
      ],
      [
        -118.13455,
        34.219774,
        731.63
      ],
      [
        -118.134684,
        34.219933,
        729.62
      ],
      [
        -118.134847,
        34.220042,
        728.32
      ],
      [
        -118.135025,
        34.220138,
        724.48
      ],
      [
        -118.135151,
        34.220125,
        724.37
      ],
      [
        -118.13531,
        34.220081,
        724.24
      ],
      [
        -118.135388,
        34.220013,
        724.73
      ],
      [
        -118.135514,
        34.21983,
        721.75
      ],
      [
        -118.135535,
        34.219756,
        722.52
      ],
      [
        -118.135565,
        34.219489,
        719.55
      ],
      [
        -118.135653,
        34.219418,
        716.5
      ],
      [
        -118.135739,
        34.219423,
        715.48
      ],
      [
        -118.135812,
        34.219419,
        715.56
      ],
      [
        -118.135933,
        34.21943,
        721.02
      ],
      [
        -118.136044,
        34.21945,
        727.26
      ],
      [
        -118.136126,
        34.21949,
        729.88
      ],
      [
        -118.13627,
        34.21966,
        718.36
      ],
      [
        -118.136273,
        34.219683,
        716.31
      ],
      [
        -118.136313,
        34.219717,
        714.41
      ],
      [
        -118.136418,
        34.219748,
        713.79
      ],
      [
        -118.136447,
        34.219781,
        711.82
      ],
      [
        -118.136553,
        34.21982,
        709.21
      ],
      [
        -118.136653,
        34.219846,
        707.43
      ],
      [
        -118.136689,
        34.219885,
        705.74
      ],
      [
        -118.136818,
        34.219927,
        709.67
      ],
      [
        -118.136885,
        34.219964,
        711.17
      ],
      [
        -118.136936,
        34.220043,
        711.28
      ],
      [
        -118.136959,
        34.220108,
        706.95
      ],
      [
        -118.137107,
        34.22012,
        708.38
      ],
      [
        -118.137186,
        34.220169,
        703.46
      ],
      [
        -118.137338,
        34.220241,
        699.17
      ],
      [
        -118.137407,
        34.22024,
        698.25
      ],
      [
        -118.137515,
        34.220289,
        698.71
      ],
      [
        -118.137584,
        34.220339,
        700.94
      ],
      [
        -118.137694,
        34.220237,
        700.07
      ],
      [
        -118.137726,
        34.22015,
        697
      ],
      [
        -118.137765,
        34.22014,
        698.79
      ],
      [
        -118.13781,
        34.220106,
        699.58
      ],
      [
        -118.137873,
        34.220051,
        698.6
      ],
      [
        -118.137908,
        34.219983,
        695.13
      ],
      [
        -118.138044,
        34.219848,
        690.22
      ],
      [
        -118.138131,
        34.219802,
        689.27
      ],
      [
        -118.13823,
        34.219865,
        687.23
      ],
      [
        -118.138343,
        34.22009,
        686.87
      ],
      [
        -118.138439,
        34.220159,
        684.85
      ],
      [
        -118.138494,
        34.220149,
        685.03
      ],
      [
        -118.138622,
        34.220169,
        683.72
      ],
      [
        -118.138669,
        34.220197,
        682.43
      ],
      [
        -118.138753,
        34.220136,
        680.33
      ],
      [
        -118.138761,
        34.220073,
        680.52
      ],
      [
        -118.138807,
        34.220016,
        679.88
      ],
      [
        -118.138857,
        34.21999,
        678.78
      ],
      [
        -118.139027,
        34.219922,
        680.61
      ],
      [
        -118.139058,
        34.219851,
        679.66
      ],
      [
        -118.139087,
        34.219785,
        678.78
      ],
      [
        -118.139116,
        34.219654,
        674.43
      ],
      [
        -118.139121,
        34.219612,
        672.59
      ],
      [
        -118.139146,
        34.219535,
        673.61
      ],
      [
        -118.13927,
        34.219473,
        678.71
      ],
      [
        -118.139422,
        34.219503,
        675.34
      ],
      [
        -118.139549,
        34.219569,
        668.28
      ],
      [
        -118.139636,
        34.219532,
        669.83
      ],
      [
        -118.139703,
        34.219531,
        669.13
      ],
      [
        -118.139758,
        34.219486,
        669.78
      ],
      [
        -118.139773,
        34.219445,
        670.48
      ],
      [
        -118.139844,
        34.219371,
        673.5
      ],
      [
        -118.14001,
        34.219279,
        674.7
      ],
      [
        -118.140064,
        34.219256,
        673.47
      ],
      [
        -118.140145,
        34.219155,
        675.69
      ],
      [
        -118.140192,
        34.218934,
        682.37
      ],
      [
        -118.140187,
        34.218891,
        683.74
      ],
      [
        -118.140209,
        34.218865,
        685.42
      ],
      [
        -118.140252,
        34.218849,
        688
      ],
      [
        -118.14029,
        34.218858,
        688.4
      ],
      [
        -118.140357,
        34.2189,
        687.11
      ],
      [
        -118.14045,
        34.218936,
        686.66
      ],
      [
        -118.140524,
        34.218956,
        687.9
      ],
      [
        -118.140604,
        34.218987,
        689.35
      ],
      [
        -118.140679,
        34.219,
        692.58
      ],
      [
        -118.140838,
        34.219115,
        691.32
      ],
      [
        -118.140907,
        34.219221,
        679.84
      ],
      [
        -118.140941,
        34.219233,
        678.27
      ],
      [
        -118.140975,
        34.219229,
        677.77
      ],
      [
        -118.141019,
        34.219186,
        677.41
      ],
      [
        -118.141027,
        34.219121,
        682.4
      ],
      [
        -118.141088,
        34.21904,
        687.11
      ],
      [
        -118.141283,
        34.218958,
        680.01
      ],
      [
        -118.14138,
        34.218922,
        674.6
      ],
      [
        -118.141404,
        34.218833,
        673.72
      ],
      [
        -118.14139,
        34.218767,
        673.68
      ],
      [
        -118.141333,
        34.218648,
        678.72
      ],
      [
        -118.141329,
        34.218596,
        679.72
      ],
      [
        -118.141411,
        34.218513,
        674.18
      ],
      [
        -118.141465,
        34.218415,
        669.02
      ],
      [
        -118.141465,
        34.218351,
        669.22
      ],
      [
        -118.141369,
        34.218118,
        680.23
      ],
      [
        -118.141382,
        34.218087,
        681.15
      ],
      [
        -118.141515,
        34.217993,
        675.8
      ],
      [
        -118.14153,
        34.217885,
        679.57
      ],
      [
        -118.141581,
        34.217849,
        678.17
      ],
      [
        -118.141757,
        34.21759,
        682.55
      ],
      [
        -118.141898,
        34.217556,
        684.71
      ],
      [
        -118.142023,
        34.217544,
        685.77
      ],
      [
        -118.142236,
        34.217569,
        685.11
      ],
      [
        -118.142353,
        34.217626,
        683.98
      ],
      [
        -118.142465,
        34.217646,
        686.6
      ],
      [
        -118.142621,
        34.217722,
        686.78
      ],
      [
        -118.142792,
        34.217824,
        686.62
      ],
      [
        -118.142841,
        34.217843,
        688.26
      ],
      [
        -118.142884,
        34.217883,
        688.81
      ],
      [
        -118.142912,
        34.217922,
        686
      ],
      [
        -118.142968,
        34.217957,
        685.46
      ],
      [
        -118.143049,
        34.217983,
        688.29
      ],
      [
        -118.14311,
        34.21803,
        687.24
      ],
      [
        -118.143277,
        34.218218,
        683.31
      ],
      [
        -118.14336,
        34.218336,
        677.2
      ],
      [
        -118.143396,
        34.218344,
        676.85
      ],
      [
        -118.143541,
        34.218279,
        676.92
      ],
      [
        -118.143692,
        34.218235,
        672.38
      ],
      [
        -118.143762,
        34.218188,
        670.89
      ],
      [
        -118.143776,
        34.218138,
        669.78
      ],
      [
        -118.143633,
        34.218026,
        669.96
      ],
      [
        -118.143462,
        34.217833,
        670.87
      ],
      [
        -118.143433,
        34.217766,
        670.35
      ],
      [
        -118.143349,
        34.217636,
        669.37
      ],
      [
        -118.143153,
        34.21747,
        670.79
      ],
      [
        -118.143112,
        34.217407,
        671.16
      ],
      [
        -118.143098,
        34.217354,
        670.52
      ],
      [
        -118.143066,
        34.217274,
        671.13
      ],
      [
        -118.14304,
        34.217003,
        670.26
      ],
      [
        -118.143015,
        34.216853,
        671.79
      ],
      [
        -118.143036,
        34.216788,
        672.43
      ],
      [
        -118.143081,
        34.216725,
        672.23
      ],
      [
        -118.143192,
        34.216596,
        673
      ],
      [
        -118.143339,
        34.216568,
        669.68
      ],
      [
        -118.143377,
        34.216524,
        669.79
      ],
      [
        -118.143427,
        34.216451,
        670.04
      ],
      [
        -118.143491,
        34.216325,
        669.22
      ],
      [
        -118.143515,
        34.216226,
        667.13
      ],
      [
        -118.143494,
        34.216175,
        667.4
      ],
      [
        -118.143337,
        34.216037,
        671.99
      ],
      [
        -118.143262,
        34.215958,
        670.72
      ],
      [
        -118.143201,
        34.215867,
        670.96
      ],
      [
        -118.143183,
        34.215768,
        670.89
      ],
      [
        -118.143194,
        34.215648,
        671.09
      ],
      [
        -118.143245,
        34.215415,
        667.94
      ],
      [
        -118.143421,
        34.215039,
        667.15
      ],
      [
        -118.143519,
        34.214966,
        666.12
      ],
      [
        -118.143606,
        34.214839,
        664.29
      ],
      [
        -118.143675,
        34.214702,
        663.04
      ],
      [
        -118.143737,
        34.214648,
        662.54
      ],
      [
        -118.14384,
        34.214601,
        659.73
      ],
      [
        -118.14401,
        34.214503,
        656.51
      ],
      [
        -118.144146,
        34.214453,
        653.97
      ],
      [
        -118.144225,
        34.214437,
        651.94
      ],
      [
        -118.144357,
        34.214423,
        650.55
      ],
      [
        -118.1446,
        34.214406,
        652.72
      ],
      [
        -118.144728,
        34.214428,
        655.74
      ],
      [
        -118.145082,
        34.214602,
        654.23
      ],
      [
        -118.14523,
        34.214655,
        653.36
      ],
      [
        -118.145312,
        34.214657,
        652.69
      ],
      [
        -118.145491,
        34.214625,
        652.05
      ],
      [
        -118.145622,
        34.214615,
        652.57
      ],
      [
        -118.145812,
        34.214607,
        652.85
      ],
      [
        -118.146138,
        34.214609,
        651.89
      ],
      [
        -118.146224,
        34.214595,
        651.74
      ],
      [
        -118.146314,
        34.214604,
        651.01
      ],
      [
        -118.146419,
        34.214636,
        649.42
      ],
      [
        -118.146575,
        34.214698,
        646.97
      ],
      [
        -118.146636,
        34.214706,
        646.16
      ],
      [
        -118.146704,
        34.214695,
        645.09
      ],
      [
        -118.146882,
        34.214617,
        642.04
      ],
      [
        -118.14695,
        34.214604,
        641.99
      ],
      [
        -118.147017,
        34.214602,
        642.01
      ],
      [
        -118.147079,
        34.214621,
        642.01
      ],
      [
        -118.147182,
        34.214668,
        641.16
      ],
      [
        -118.147345,
        34.214722,
        639.78
      ],
      [
        -118.147547,
        34.214767,
        637.3
      ],
      [
        -118.14762,
        34.21477,
        636.85
      ],
      [
        -118.147718,
        34.214789,
        635.97
      ],
      [
        -118.147885,
        34.214837,
        634.15
      ],
      [
        -118.147919,
        34.214884,
        633.56
      ],
      [
        -118.148004,
        34.214948,
        632.77
      ],
      [
        -118.148128,
        34.215025,
        631.59
      ],
      [
        -118.148414,
        34.215107,
        628.89
      ],
      [
        -118.148721,
        34.215293,
        623.13
      ],
      [
        -118.14883,
        34.215311,
        621.61
      ],
      [
        -118.148942,
        34.21532,
        620.88
      ],
      [
        -118.149042,
        34.215356,
        619.65
      ],
      [
        -118.149119,
        34.21541,
        618.27
      ],
      [
        -118.149189,
        34.215488,
        616.18
      ],
      [
        -118.149306,
        34.215578,
        614.55
      ],
      [
        -118.149537,
        34.215677,
        613.27
      ],
      [
        -118.149637,
        34.215737,
        611.39
      ],
      [
        -118.149892,
        34.21597,
        606.6
      ],
      [
        -118.149955,
        34.216004,
        606.22
      ],
      [
        -118.150033,
        34.21603,
        605.24
      ],
      [
        -118.150101,
        34.216041,
        604.47
      ],
      [
        -118.150198,
        34.216029,
        603.34
      ],
      [
        -118.150457,
        34.215975,
        600.04
      ],
      [
        -118.150508,
        34.21598,
        599.76
      ],
      [
        -118.150556,
        34.215997,
        599.36
      ],
      [
        -118.150593,
        34.216056,
        598.6
      ],
      [
        -118.150619,
        34.216138,
        597.45
      ],
      [
        -118.150595,
        34.216231,
        596.29
      ],
      [
        -118.150525,
        34.216319,
        595.43
      ],
      [
        -118.15037,
        34.216394,
        594.81
      ],
      [
        -118.150251,
        34.21642,
        594.44
      ],
      [
        -118.150147,
        34.216407,
        594.62
      ],
      [
        -118.150007,
        34.216348,
        594.08
      ],
      [
        -118.149822,
        34.216223,
        596.02
      ],
      [
        -118.149597,
        34.2161,
        595.32
      ],
      [
        -118.149412,
        34.215981,
        594.04
      ],
      [
        -118.149202,
        34.215899,
        591.54
      ],
      [
        -118.148981,
        34.215848,
        590.15
      ],
      [
        -118.14876,
        34.215825,
        587.5
      ],
      [
        -118.148035,
        34.215803,
        587.52
      ],
      [
        -118.147672,
        34.215793,
        582.42
      ],
      [
        -118.147348,
        34.215816,
        584.65
      ],
      [
        -118.146701,
        34.215862,
        578.1
      ],
      [
        -118.146053,
        34.215909,
        569.21
      ],
      [
        -118.145874,
        34.215969,
        566.85
      ],
      [
        -118.145742,
        34.216042,
        565.29
      ],
      [
        -118.145687,
        34.216121,
        562.76
      ],
      [
        -118.145638,
        34.216215,
        560.08
      ],
      [
        -118.145635,
        34.216268,
        559.02
      ],
      [
        -118.145661,
        34.216324,
        557.55
      ],
      [
        -118.145711,
        34.216331,
        556.93
      ],
      [
        -118.145768,
        34.216324,
        556.37
      ],
      [
        -118.146045,
        34.216225,
        554.61
      ],
      [
        -118.146348,
        34.216188,
        553.61
      ],
      [
        -118.146603,
        34.216178,
        552.83
      ],
      [
        -118.146825,
        34.21618,
        553.44
      ],
      [
        -118.147034,
        34.216213,
        552.35
      ],
      [
        -118.147373,
        34.216222,
        551.85
      ],
      [
        -118.147546,
        34.21628,
        548.07
      ],
      [
        -118.147783,
        34.216282,
        545.46
      ],
      [
        -118.148135,
        34.216311,
        542.48
      ],
      [
        -118.148387,
        34.216542,
        539.68
      ],
      [
        -118.148421,
        34.216593,
        539.65
      ],
      [
        -118.148478,
        34.216679,
        543.79
      ],
      [
        -118.148897,
        34.216852,
        538.02
      ],
      [
        -118.149095,
        34.216985,
        535.64
      ],
      [
        -118.149148,
        34.21699,
        535.25
      ],
      [
        -118.149235,
        34.217053,
        534.23
      ],
      [
        -118.149306,
        34.217276,
        533.69
      ],
      [
        -118.149409,
        34.217417,
        532.3
      ],
      [
        -118.149485,
        34.217436,
        531.65
      ],
      [
        -118.149546,
        34.217432,
        531.26
      ],
      [
        -118.149485,
        34.217436,
        531.65
      ],
      [
        -118.149409,
        34.217417,
        532.3
      ],
      [
        -118.149306,
        34.217276,
        533.69
      ],
      [
        -118.149235,
        34.217053,
        534.23
      ],
      [
        -118.149148,
        34.21699,
        535.25
      ],
      [
        -118.149095,
        34.216985,
        535.64
      ],
      [
        -118.148897,
        34.216852,
        538.02
      ],
      [
        -118.148478,
        34.216679,
        543.79
      ],
      [
        -118.148421,
        34.216593,
        539.65
      ],
      [
        -118.148387,
        34.216542,
        539.68
      ],
      [
        -118.148135,
        34.216311,
        542.48
      ],
      [
        -118.147783,
        34.216282,
        545.46
      ],
      [
        -118.147546,
        34.21628,
        548.07
      ],
      [
        -118.147373,
        34.216222,
        551.85
      ],
      [
        -118.147034,
        34.216213,
        552.35
      ],
      [
        -118.146825,
        34.21618,
        553.44
      ],
      [
        -118.146603,
        34.216178,
        552.83
      ],
      [
        -118.146348,
        34.216188,
        553.61
      ],
      [
        -118.146045,
        34.216225,
        554.61
      ],
      [
        -118.145768,
        34.216324,
        556.37
      ],
      [
        -118.145711,
        34.216331,
        556.93
      ],
      [
        -118.145661,
        34.216324,
        557.55
      ],
      [
        -118.145582,
        34.216371,
        558.52
      ],
      [
        -118.145423,
        34.216821,
        559.4
      ],
      [
        -118.14534,
        34.216965,
        560.49
      ],
      [
        -118.14519,
        34.217185,
        562.5
      ],
      [
        -118.145174,
        34.217299,
        561.89
      ],
      [
        -118.14524,
        34.217375,
        562.11
      ],
      [
        -118.145398,
        34.217473,
        562.61
      ],
      [
        -118.145617,
        34.217588,
        564.1
      ],
      [
        -118.145764,
        34.217696,
        567.05
      ],
      [
        -118.146088,
        34.217786,
        568.77
      ],
      [
        -118.146153,
        34.217817,
        569.21
      ],
      [
        -118.14633,
        34.217937,
        570.44
      ],
      [
        -118.146469,
        34.218014,
        570.99
      ],
      [
        -118.146557,
        34.218007,
        572.33
      ],
      [
        -118.146606,
        34.217968,
        573.77
      ],
      [
        -118.146637,
        34.217915,
        575.19
      ],
      [
        -118.146631,
        34.217828,
        576.5
      ],
      [
        -118.1466,
        34.217656,
        579.69
      ],
      [
        -118.146539,
        34.217467,
        584.29
      ],
      [
        -118.146484,
        34.217356,
        582.15
      ],
      [
        -118.146524,
        34.217253,
        582.07
      ],
      [
        -118.146629,
        34.21721,
        582.6
      ],
      [
        -118.146891,
        34.217186,
        582.74
      ],
      [
        -118.147277,
        34.217179,
        583.48
      ],
      [
        -118.147612,
        34.2172,
        583.76
      ],
      [
        -118.147861,
        34.217335,
        587.93
      ],
      [
        -118.148024,
        34.217363,
        589.5
      ],
      [
        -118.148187,
        34.217441,
        592.61
      ],
      [
        -118.148298,
        34.217569,
        591.57
      ],
      [
        -118.148376,
        34.217746,
        592.67
      ],
      [
        -118.148625,
        34.217853,
        596.28
      ],
      [
        -118.148762,
        34.217966,
        597.78
      ],
      [
        -118.148882,
        34.218115,
        599.32
      ],
      [
        -118.149148,
        34.218236,
        599.08
      ],
      [
        -118.149234,
        34.218307,
        598.59
      ],
      [
        -118.149268,
        34.21847,
        597.43
      ],
      [
        -118.14938,
        34.21857,
        600.31
      ],
      [
        -118.149534,
        34.218641,
        602.99
      ],
      [
        -118.1496,
        34.218739,
        604.7
      ],
      [
        -118.149586,
        34.218994,
        607.43
      ],
      [
        -118.149687,
        34.219125,
        607.03
      ],
      [
        -118.149832,
        34.219186,
        609.04
      ],
      [
        -118.150058,
        34.219212,
        610.07
      ],
      [
        -118.150212,
        34.219194,
        611.62
      ],
      [
        -118.150376,
        34.219123,
        613.7
      ],
      [
        -118.150513,
        34.219045,
        614.03
      ],
      [
        -118.150564,
        34.219045,
        613.67
      ],
      [
        -118.150642,
        34.219095,
        612.7
      ],
      [
        -118.15065,
        34.219166,
        612.95
      ],
      [
        -118.150647,
        34.219232,
        614.47
      ],
      [
        -118.150686,
        34.219308,
        616.1
      ],
      [
        -118.150854,
        34.219298,
        615.13
      ],
      [
        -118.150976,
        34.219301,
        617.22
      ],
      [
        -118.151036,
        34.219357,
        618.18
      ],
      [
        -118.151035,
        34.219399,
        618.76
      ],
      [
        -118.150958,
        34.219573,
        621.11
      ],
      [
        -118.150941,
        34.219719,
        622.12
      ],
      [
        -118.150933,
        34.219833,
        623.96
      ],
      [
        -118.150976,
        34.219897,
        624.6
      ],
      [
        -118.15123,
        34.219901,
        627.29
      ],
      [
        -118.151497,
        34.219868,
        629.26
      ],
      [
        -118.151695,
        34.21988,
        631.05
      ],
      [
        -118.151808,
        34.219874,
        633.82
      ],
      [
        -118.151966,
        34.219757,
        635.6
      ],
      [
        -118.152078,
        34.219754,
        634.64
      ],
      [
        -118.15234,
        34.2199,
        635.17
      ],
      [
        -118.152451,
        34.219924,
        637.69
      ],
      [
        -118.152779,
        34.219911,
        639.91
      ],
      [
        -118.153032,
        34.219879,
        641.81
      ],
      [
        -118.153285,
        34.219847,
        641.66
      ],
      [
        -118.153525,
        34.219741,
        638.48
      ],
      [
        -118.153731,
        34.219563,
        638.08
      ],
      [
        -118.153937,
        34.219372,
        634.32
      ],
      [
        -118.154083,
        34.219244,
        633.74
      ],
      [
        -118.154367,
        34.219251,
        631.76
      ],
      [
        -118.154513,
        34.21923,
        631.18
      ],
      [
        -118.154727,
        34.219123,
        629.6
      ],
      [
        -118.155028,
        34.21901,
        629.64
      ],
      [
        -118.155204,
        34.218931,
        627.42
      ],
      [
        -118.15537,
        34.218893,
        626.82
      ],
      [
        -118.155525,
        34.218896,
        626.25
      ],
      [
        -118.15556,
        34.218974,
        626.13
      ],
      [
        -118.155551,
        34.219059,
        626.07
      ],
      [
        -118.155511,
        34.219143,
        626.69
      ],
      [
        -118.155577,
        34.219279,
        625.23
      ],
      [
        -118.155697,
        34.219322,
        622.43
      ],
      [
        -118.155946,
        34.219336,
        617.5
      ],
      [
        -118.156062,
        34.219348,
        617.07
      ],
      [
        -118.156125,
        34.219374,
        617.27
      ],
      [
        -118.156283,
        34.219319,
        615.67
      ],
      [
        -118.156468,
        34.21927,
        613.94
      ],
      [
        -118.156965,
        34.219335,
        615.84
      ],
      [
        -118.157315,
        34.219533,
        613.92
      ],
      [
        -118.15743,
        34.219587,
        612.11
      ],
      [
        -118.157533,
        34.219618,
        610
      ],
      [
        -118.157599,
        34.219619,
        607.68
      ],
      [
        -118.157666,
        34.219595,
        606.11
      ],
      [
        -118.157715,
        34.219554,
        603.71
      ],
      [
        -118.157754,
        34.219482,
        600.69
      ],
      [
        -118.157751,
        34.219446,
        600.51
      ],
      [
        -118.157701,
        34.219303,
        600.53
      ],
      [
        -118.157711,
        34.219198,
        602.2
      ],
      [
        -118.157732,
        34.219164,
        601.96
      ],
      [
        -118.157766,
        34.219133,
        601.21
      ],
      [
        -118.157851,
        34.219081,
        598.58
      ],
      [
        -118.15791,
        34.219035,
        596.85
      ],
      [
        -118.157939,
        34.218996,
        596.09
      ],
      [
        -118.157995,
        34.21885,
        594.16
      ],
      [
        -118.158057,
        34.218633,
        592.19
      ],
      [
        -118.158156,
        34.218386,
        589.33
      ],
      [
        -118.158227,
        34.218268,
        587.37
      ],
      [
        -118.158301,
        34.218079,
        584.46
      ],
      [
        -118.15834,
        34.21801,
        584.35
      ],
      [
        -118.158383,
        34.217959,
        584
      ],
      [
        -118.158446,
        34.217902,
        583.53
      ],
      [
        -118.158558,
        34.217822,
        583.06
      ],
      [
        -118.158771,
        34.21768,
        582.87
      ],
      [
        -118.158861,
        34.21763,
        582.38
      ],
      [
        -118.158969,
        34.217591,
        582.02
      ],
      [
        -118.15909,
        34.217559,
        582.27
      ],
      [
        -118.159511,
        34.217477,
        580.23
      ],
      [
        -118.159612,
        34.21736,
        578.4
      ],
      [
        -118.159618,
        34.217288,
        576.74
      ],
      [
        -118.159582,
        34.217186,
        573.61
      ],
      [
        -118.159428,
        34.216956,
        566.35
      ],
      [
        -118.159327,
        34.21687,
        563.62
      ],
      [
        -118.158681,
        34.216731,
        551.66
      ],
      [
        -118.158603,
        34.216682,
        549.94
      ],
      [
        -118.15856,
        34.216627,
        548.63
      ],
      [
        -118.158521,
        34.216475,
        545.25
      ],
      [
        -118.158504,
        34.216192,
        538.99
      ],
      [
        -118.158533,
        34.216106,
        537.18
      ],
      [
        -118.158827,
        34.215694,
        525.04
      ],
      [
        -118.158978,
        34.215513,
        519.67
      ],
      [
        -118.159129,
        34.215331,
        516.86
      ],
      [
        -118.15933,
        34.215165,
        513.93
      ],
      [
        -118.159471,
        34.214957,
        510.99
      ],
      [
        -118.159783,
        34.214483,
        505.36
      ],
      [
        -118.159849,
        34.214417,
        504.03
      ],
      [
        -118.159932,
        34.214363,
        503.64
      ],
      [
        -118.160424,
        34.21413,
        500.65
      ],
      [
        -118.160556,
        34.214096,
        500.44
      ],
      [
        -118.160826,
        34.214055,
        499.95
      ],
      [
        -118.16095,
        34.21403,
        499.02
      ],
      [
        -118.161106,
        34.213959,
        498.96
      ],
      [
        -118.161684,
        34.213537,
        494.01
      ],
      [
        -118.161783,
        34.213439,
        492.64
      ],
      [
        -118.161861,
        34.213275,
        490.34
      ],
      [
        -118.161877,
        34.212966,
        485.99
      ],
      [
        -118.161926,
        34.212828,
        483.88
      ],
      [
        -118.162706,
        34.211908,
        472.06
      ],
      [
        -118.162856,
        34.211784,
        471.09
      ],
      [
        -118.163189,
        34.211646,
        468.18
      ],
      [
        -118.163523,
        34.211613,
        466.03
      ],
      [
        -118.163904,
        34.211659,
        464.44
      ],
      [
        -118.164049,
        34.21099,
        458.62
      ],
      [
        -118.164664,
        34.208086,
        442.19
      ],
      [
        -118.164494,
        34.20805,
        442
      ],
      [
        -118.164384,
        34.208039,
        441.95
      ],
      [
        -118.164257,
        34.208108,
        440.82
      ],
      [
        -118.164208,
        34.208151,
        440.26
      ],
      [
        -118.16406,
        34.208458,
        438.42
      ],
      [
        -118.163945,
        34.208638,
        437.22
      ],
      [
        -118.163831,
        34.208774,
        434.77
      ],
      [
        -118.163639,
        34.208947,
        432.74
      ],
      [
        -118.163212,
        34.209287,
        427.47
      ],
      [
        -118.163113,
        34.209384,
        426.41
      ],
      [
        -118.163055,
        34.209458,
        426.06
      ],
      [
        -118.162813,
        34.209853,
        421
      ],
      [
        -118.162745,
        34.209953,
        421.26
      ],
      [
        -118.162691,
        34.210027,
        419.5
      ],
      [
        -118.162599,
        34.210094,
        417.78
      ],
      [
        -118.162499,
        34.210139,
        416.35
      ],
      [
        -118.162432,
        34.210152,
        415.57
      ],
      [
        -118.16232,
        34.210158,
        414.54
      ],
      [
        -118.162263,
        34.210152,
        414.24
      ],
      [
        -118.162223,
        34.210139,
        414.11
      ],
      [
        -118.162158,
        34.210116,
        413.9
      ],
      [
        -118.162094,
        34.21005,
        413.66
      ],
      [
        -118.162042,
        34.209912,
        414.27
      ],
      [
        -118.162042,
        34.209848,
        414.28
      ],
      [
        -118.162333,
        34.209082,
        410.54
      ],
      [
        -118.162384,
        34.20878,
        411.16
      ],
      [
        -118.162419,
        34.20839,
        411.98
      ],
      [
        -118.162454,
        34.208235,
        412.09
      ],
      [
        -118.162641,
        34.207848,
        412.84
      ],
      [
        -118.162665,
        34.20767,
        412.84
      ],
      [
        -118.162642,
        34.207524,
        414.43
      ],
      [
        -118.162593,
        34.207346,
        415.57
      ],
      [
        -118.162555,
        34.207248,
        416.21
      ],
      [
        -118.162496,
        34.207158,
        416.94
      ],
      [
        -118.162384,
        34.207019,
        417.89
      ],
      [
        -118.162334,
        34.206927,
        419.51
      ],
      [
        -118.162326,
        34.206857,
        419.89
      ],
      [
        -118.162362,
        34.206751,
        419.2
      ],
      [
        -118.162425,
        34.206616,
        418.82
      ],
      [
        -118.162575,
        34.205975,
        415.23
      ],
      [
        -118.162615,
        34.205519,
        413.32
      ],
      [
        -118.162613,
        34.204805,
        410.11
      ],
      [
        -118.162776,
        34.204373,
        409.02
      ],
      [
        -118.162831,
        34.204372,
        408.08
      ],
      [
        -118.162879,
        34.204361,
        407.53
      ],
      [
        -118.162938,
        34.204322,
        406.85
      ],
      [
        -118.163242,
        34.20383,
        403.27
      ],
      [
        -118.163359,
        34.203582,
        400.54
      ],
      [
        -118.163522,
        34.203616,
        400.99
      ],
      [
        -118.163655,
        34.20362,
        400.1
      ],
      [
        -118.163984,
        34.203604,
        398.79
      ],
      [
        -118.164115,
        34.20358,
        398.51
      ],
      [
        -118.164226,
        34.203527,
        398.08
      ],
      [
        -118.164316,
        34.203458,
        397.07
      ],
      [
        -118.16438,
        34.203373,
        396.1
      ],
      [
        -118.164422,
        34.203248,
        395.18
      ],
      [
        -118.164408,
        34.203084,
        393.04
      ],
      [
        -118.16436,
        34.202973,
        392.28
      ],
      [
        -118.163889,
        34.202519,
        389.05
      ],
      [
        -118.163542,
        34.202193,
        384.84
      ],
      [
        -118.16337,
        34.201951,
        382.19
      ],
      [
        -118.163232,
        34.201678,
        380.14
      ],
      [
        -118.163228,
        34.201605,
        379.72
      ],
      [
        -118.163268,
        34.20148,
        379.37
      ],
      [
        -118.163989,
        34.199964,
        375
      ],
      [
        -118.164062,
        34.199889,
        374.5
      ],
      [
        -118.16485,
        34.200139,
        374.66
      ],
      [
        -118.164879,
        34.200153,
        374.34
      ],
      [
        -118.164896,
        34.200191,
        373.72
      ],
      [
        -118.16489,
        34.20024,
        373.04
      ],
      [
        -118.164835,
        34.200357,
        369.24
      ],
      [
        -118.164551,
        34.200742,
        362.95
      ],
      [
        -118.16444,
        34.200908,
        360.98
      ],
      [
        -118.164391,
        34.201088,
        358.95
      ],
      [
        -118.164397,
        34.201232,
        358.83
      ],
      [
        -118.16444,
        34.201332,
        358.3
      ],
      [
        -118.164583,
        34.201508,
        357.8
      ],
      [
        -118.164774,
        34.201651,
        356.73
      ],
      [
        -118.165019,
        34.20179,
        355.28
      ],
      [
        -118.165136,
        34.201841,
        354.12
      ],
      [
        -118.16525,
        34.201863,
        351.89
      ],
      [
        -118.165263,
        34.201633,
        351.48
      ],
      [
        -118.16533,
        34.200903,
        351.56
      ],
      [
        -118.165364,
        34.200345,
        350.81
      ],
      [
        -118.165511,
        34.199705,
        351.73
      ],
      [
        -118.165647,
        34.199472,
        352.4
      ],
      [
        -118.165731,
        34.199343,
        351.82
      ],
      [
        -118.165788,
        34.199197,
        351.36
      ],
      [
        -118.165819,
        34.199083,
        351.58
      ],
      [
        -118.165866,
        34.198736,
        351.65
      ],
      [
        -118.165905,
        34.198596,
        352.38
      ],
      [
        -118.166006,
        34.198319,
        352.05
      ],
      [
        -118.166055,
        34.198167,
        351.83
      ],
      [
        -118.166097,
        34.197992,
        351.97
      ],
      [
        -118.166147,
        34.197872,
        352.13
      ],
      [
        -118.166191,
        34.197718,
        352.42
      ],
      [
        -118.16626,
        34.197524,
        351.13
      ],
      [
        -118.16633,
        34.19733,
        353.78
      ],
      [
        -118.166457,
        34.197024,
        355.47
      ],
      [
        -118.166598,
        34.196587,
        353
      ],
      [
        -118.166715,
        34.19637,
        354.52
      ],
      [
        -118.16685,
        34.196167,
        354.51
      ],
      [
        -118.167065,
        34.195909,
        356.7
      ],
      [
        -118.167332,
        34.195564,
        358
      ],
      [
        -118.167474,
        34.195354,
        358.07
      ],
      [
        -118.16758,
        34.195147,
        359.03
      ],
      [
        -118.167824,
        34.19464,
        357.67
      ],
      [
        -118.167938,
        34.194349,
        356.76
      ],
      [
        -118.168024,
        34.194096,
        355.74
      ],
      [
        -118.168135,
        34.194051,
        354.8
      ],
      [
        -118.168211,
        34.194011,
        353.32
      ],
      [
        -118.16828,
        34.193949,
        352.43
      ],
      [
        -118.168348,
        34.193829,
        354.8
      ],
      [
        -118.168383,
        34.193791,
        353.74
      ]
    ]
  }
}